index,rna_length,s1,s2,arboricity
0,10,((((.)).)),(.)(((.))),2
1,10,((.((.)))),(((.)))(.),2
2,10,(((.)))(.),((((..)))),2
3,10,((......)),((.....)).,2
4,10,((.))((.)),((((.))).),2
5,10,....(.)...,...(.)....,2
6,10,(((.(.)))),(((.)))(.),2
7,10,(.)(((.))),(.(((.)))),2
8,10,((((.)))).,(((.(.)))),2
9,10,((.))((.)),((((.).))),2
10,10,((((..)))),(..)((.)).,2
11,10,.(.)((.)).,.((.(.))).,2
12,10,..(.)(.)..,..(.(.))..,2
13,10,.(.)((.)).,.((.(.))).,2
14,10,(.)(((.))),((((.))).),2
15,10,(((.))...),.(..)(...),2
16,10,.(((...))),(((....))),2
17,10,..........,..........,0
18,10,((((.)))).,(.(((.)))),2
19,10,(((.(.)))),((.))((.)),2
20,10,.(.((.))).,.((.))(.).,2
21,10,(........),.(.......),2
22,10,(((.(.)))),(((.)))(.),2
23,10,(........),(.......).,2
24,10,((.)((.))),.(((..)).),2
25,10,(.....(.)),(.....)(.),2
26,10,..(((.))).,.(((.)).).,2
27,10,((.).....),(.)(.....),2
28,10,((((.)).)),.(.((..))),2
29,10,(...((.))),(...).(..),2
30,10,((((.)))).,(((.(.)))),2
31,10,.(.)((.)).,.((.))(.).,3
32,10,.(((.)).).,.((.))(.).,2
33,10,..........,..........,0
34,10,.(((..))).,..(((.))).,2
35,10,(((.))(.)),((.(..))).,2
36,10,.((((.)))),(((.)))(.),2
37,10,..........,..........,0
38,10,(.......).,(........),2
39,10,(.(((.)))),(.)(((.))),2
40,10,(((.)))(.),((((.).))),2
41,10,(.)(((.))),((.((.)))),2
42,10,((..(..))),((.))((.)),2
43,10,(.(((.)))),(.)(((.))),2
44,10,((.)((.))),.((((.)))),2
45,10,((.))((.)),.((.(.))).,2
46,10,..........,..........,0
47,10,.(.)((.)).,.(((.).)).,2
48,10,((((.)))).,((.))((.)),2
49,10,((((.)))).,((.)((.))),2
50,10,(.)(.....),((.).....),2
51,10,(.)(((.))),((((..)))),2
52,10,.((.(.))).,.(((.)))..,2
53,10,((.((.)))),(((.)))(.),2
54,10,(.)(((.))),(((.)))(.),3
55,10,.(((.)))..,.(.)((.)).,2
56,10,((((..)))),.((.(.).)),2
57,10,(((.)))(.),((.)((.))),3
58,10,(((.(.)))),(((.)))(.),2
59,10,..........,..........,0
60,10,((.)((.))),.((((.)))),2
61,10,(((.)(.))),.(.).((.)),3
62,10,.(...(.)).,.(...)(.).,2
63,10,((((.)).)),.((((.)))),2
64,10,.(...)(.).,.(...(.)).,2
65,10,(((.))(.)),((((.)))).,2
66,10,.(((.)))..,.(((..))).,2
67,10,.(.)((.)).,.(((.).)).,2
68,10,((((.)).)),.((((.)))),2
69,10,((.))((.)),.((((.)))),2
70,10,..........,..........,0
71,10,..((.))...,...((.))..,2
72,10,...(..)...,....(.)...,2
73,10,(.)(.....),((.).....),2
74,10,(((....))),.(((...))),2
75,10,..(.)(.)..,..((.).)..,2
76,10,.(((.)))..,..(((.))).,2
77,10,((.))((.)),((((..)))),2
78,10,.(...(.)).,.(...)(.).,2
79,10,..(.(.))..,..(.)(.)..,2
80,10,(.)((...)),(((.)...)),2
81,10,.((((.)))),((((.).))),2
82,10,(.)(((.))),.((((.)))),2
83,10,..........,..........,0
84,10,((((.)).)),(((.)))(.),2
85,10,..........,..........,0
86,10,..........,..........,0
87,10,.(......).,..(.....).,2
88,10,.((((.)))),((((..)))),2
89,10,.(((.).)).,.(.)((.)).,2
90,10,(.)(((.))),(.(((.)))),2
91,10,(((.))(.)),(.).(.)(.),3
92,10,(((.)))(.),((.((.)))),2
93,10,..........,..........,0
94,10,..(.)(.)..,...((.))..,2
95,10,.((((.)))),((((.).))),2
96,10,((((.)))).,((((..)))),2
97,10,..........,..........,0
98,10,.(((..))).,.(.)((.)).,2
99,10,.(((..)).),((((.)))).,2
100,15,.(((.)))(.....),.(.(((.)))...).,2
101,15,((((((..))).))),(.)(((.))((.))),2
102,15,.(.)(.)(((.))).,.((((((.)))))).,2
103,15,...............,(.............),0
104,15,((........))(.),(.(.......(.))),2
105,15,..(((..(.))))..,...((((..))))..,2
106,15,(((.(.(..).)))),((.))(((.)(.))),2
107,15,(((((((.))))))),.((.)(.)((.)).),2
108,15,.((((((.)))))).,.((((.)))).(.).,2
109,15,((.)(((.))))(.),((.(.(((.)))))),2
110,15,((.......)(..)),(........)((.)),3
111,15,((((.)..)).(.)),((((((.)).)))).,2
112,15,.(((.)))(((.))),(((((..))))(.)),3
113,15,...(.((.)).)...,...(.)((.).)...,2
114,15,.(((.)(.))...).,.(((..)))(...).,3
115,15,.(((((.).))))..,.((((((.)))))).,2
116,15,((.(.)).(.))(.),(((((((.))))))),2
117,15,..((((.)).))...,...(.)(.(.))...,2
118,15,...(.)(.(.))...,...((.)(..))...,3
119,15,((.).((..))(.)),(.)((.))(.(..)),4
120,15,..(..........).,.((.........)).,2
121,15,((((((..)))))).,((((((...)))))),2
122,15,(((((((.))))))),(.)(((((..))))),2
123,15,.((....(.)..)).,..((........)).,2
124,15,(((((((.))))))),((((.))(.)))(.),2
125,15,.....(((.)))...,...((((.))))...,2
126,15,..((((.)(.)))).,.((((((.)))))).,2
127,15,((((.)(.)))(.)),.((.((((.)))))),2
128,15,(((.((.)(.))))),((.)(.((..)))).,3
129,15,(...(.)(...)..),.(..((.)...)..),2
130,15,(((.).))(((.))),(((.(.))((.)))),3
131,15,((((((.))).))).,(((((((.))))))),2
132,15,...............,...............,0
133,15,(((((((.))))))),(((.)))(.((.))),2
134,15,(((((((.))))))),.(((((.)(.))))),2
135,15,...(((.))(.))..,..(((((.)))))..,2
136,15,(((((((.))))))),(((.)))(.((.))),2
137,15,((.)).....((.)),(((((.....))))),2
138,15,.(((.)))(.)(.).,.((.((.)))(.)).,3
139,15,...((((.)).))..,...((.))((.))..,2
140,15,(((((.)(.))))).,.((((..))))(.).,3
141,15,.((((((.)))))).,.(..)((((.)))).,2
142,15,.((.)((..)))(.),((((.)(.(.))))),3
143,15,...((((.))))...,..(.)(((.)))...,2
144,15,.(((((.)).)))..,.((...(.)))(.).,2
145,15,....((.))(.)...,...((((.))))...,2
146,15,.(((.))((.).)).,.(.)((((..)))).,3
147,15,((.).)((((.)))),(((((..))..)).),2
148,15,.(((((....))))),(((.((...)).))),2
149,15,(((.)))(((.)).),((.((((.).))))),2
150,15,...............,..(.........)..,0
151,15,((((((.)..))))),.(((..))((.).)),2
152,15,(.)((((.))(.))),((.).)(((.).)).,3
153,15,.((((.)))(.).).,.(((((.)).)))..,2
154,15,(((.)))((.))(.),..(((.)))((.).),3
155,15,.(((.)))((.).).,.(.(((.))))(.).,3
156,15,...(.)(((.)))..,..(((((.)))))..,2
157,15,((...))...((.)),((.(.((...))))),2
158,15,.(.(((((.)))))),((((((..))).))),2
159,15,(.(((((.).))))),((..))((((.)))),2
160,15,((((.......)))),((.).......)(.),2
161,15,..(.((.))(.))..,..((.))((..))..,3
162,15,.((((((.)))))).,.(.)((.((.)))).,2
163,15,(.)(((.((.))))),(((((((.))))))),2
164,15,.((((((.)))))).,.(((((.)))).)..,2
165,15,.(((.((.).)))).,.(((.))((.)))..,2
166,15,((((..))))((.)),((((.)((.)).))),3
167,15,(((((((.))))))),((.))((((..)))),2
168,15,.(((.)((...)))),(((.)))(...(.)),3
169,15,(.)(((((..))))),((.))(((.(.)))),3
170,15,.(.)((.)((.))).,.(((.))(.)(.)).,4
171,15,(.).(((((.))))),(((.))).(((.))),3
172,15,.(.)((((.).))).,..((.)(((.)))).,3
173,15,(((((.))(..)))),((((((..)))))).,2
174,15,..(((.)))(..)..,..(((((.)))))..,2
175,15,...............,...............,0
176,15,(((.))(.)((.))),(.)(((((.))).)),3
177,15,(.((.)))....(.),((.)).(((...))),2
178,15,((((((.)).)).)),(((.)))((.))(.),2
179,15,(((((.))).)(.)),(.)((((.))(.))),3
180,15,.((.(((.)))))..,.(.)((((..)))).,2
181,15,....(((.)))....,....(..)(.)....,2
182,15,.(.)((.)((.))).,.((((((.)))))).,2
183,15,..(.)(((...))).,..(.((.....))).,2
184,15,...(.(((.))))..,..((((.)..)))..,2
185,15,(.)(((...)(.))),(((((....))))).,2
186,15,(.)((((.)))(.)),.(((.)(((.))))),3
187,15,(((...((.))))).,(((...)))((..)),2
188,15,((((((.)))..))),(.(((.))))((.)),2
189,15,...(.)(.(..))..,...((((..))))..,2
190,15,.((((....))))..,.(.((...)(.))).,2
191,15,.((.))(((...))),((((.))(....))),3
192,15,...............,...............,0
193,15,.((((.(..))))).,..(((.)((.)))).,2
194,15,...............,...............,0
195,15,.(.)(((.(.)))).,.((((((.)))))).,2
196,15,.(((((...))))).,.(...)...((.)).,2
197,15,.((((.)).))(.).,..(.)((((.)))).,3
198,15,.(((.).......)),(.)(.(.......)),2
199,15,(((((((.))))))),.(.((.)((.))).),2
200,20,(((((..))))((.)))(.),((((((((.)(.)))))))),3
201,20,((.)(((((((.)))))))),((((((.))))))(((.))),3
202,20,(.).(.)(((.)((.).))),.((((((((.).).)))))),2
203,20,.((((.)(.)((.))).)).,.(.)(((((((.))))))).,3
204,20,..(((((.))))((.)))..,..((.))(((((.)))))..,3
205,20,((.))(((((.)(.))))).,((((.))).)((.))((.)),4
206,20,((.(.(((.))))))((.)),((((.)(((((.)))))))),3
207,20,.((((((.))(.)).)))..,.(((((.)))))(((.))).,3
208,20,(.(((.(.)))))(((.))),(((.((..(((.)))))))),2
209,20,((.)(((..))(..)))(.),(((..)(.)((((.)))))),4
210,20,.(((.).(.)...)((.))),((((((.((.)).).))))),2
211,20,(.((((.((.(.)))))))),((((((((.))))))))(.),2
212,20,.((.((((((.)))))))).,.(((.)))(((((.))))).,2
213,20,......((((((.))))).),......(((((.)))))(.),2
214,20,(.(((.)...)))...(.).,((.).((...)((...)))),2
215,20,((.)((((.)))))(.)(.),((((.((((.)))..))))),2
216,20,((.((((((.).)).))))),(((..).))(((.))(..)),2
217,20,((((.((......)))))).,((((.(((.....))))))),2
218,20,((((((.))))((..)))).,((.).((((((.)).))))),3
219,20,((((.))))(..(((.)))),((((((.).)))(.))(.)),3
220,20,(.)(((.)((.)))..)(.),(((.)))((((((.)))))),3
221,20,(((((((..))(.)))))).,(.((((.(..))))(.).)),3
222,20,(.((((((.)).)))))(.),((((((.).))))((..))),3
223,20,....(((.)))((.))....,....(((.((.)))))....,2
224,20,(....((((.))))).....,(...(.))(((.))).....,2
225,20,(.)((...)(((.(.))))),.(..)...((.((.)))..),2
226,20,((((((((.)))).).))).,(((((.)))))((((.)))),2
227,20,((((((((.))))))))(.),(((((((..))(.).))))),3
228,20,......(((..)))......,.......(((.)))......,2
229,20,.(.(((((((.)))).)))),(((((((.))((.))))))),2
230,20,(((((.((.)))))))(.).,(((((((.((.))))))))),2
231,20,(.(((..(((...))))))),((((.))))(...((.).)),2
232,20,((((...)(.))))((.).),((.)...)(((((.)).))),3
233,20,((.)((...)(((.).)))),((.((....))))(((.))),3
234,20,(((.......(((.)))))),(((.......)).)(.(.)),2
235,20,..((.))(((((.)))))..,(..(((((.))).))(.).),3
236,20,((.(((.)(((.))))).)),(..(.)(((.).)(.)).).,3
237,20,..(((.))(((..)(.)))),(.((((((((.))))))))),2
238,20,..((((((.(.)))))))..,..(((.).)..(.))(.)..,2
239,20,..(.)(.((((.).))))..,..(((((((.).))))))..,2
240,20,..((((((.))))))(.)..,..(((.))(.((.))).)..,3
241,20,.(((((((.)))))))(.).,.((..(((((.)))))).).,2
242,20,((.(.)(.)((((.)))))),((.))((((((.).))))).,3
243,20,(((.)))((((.))(.))).,((((((((.).)).)).))),2
244,20,(.)((((((((.)))))))),((((.)))(((((.)))))),3
245,20,......((.)...)......,......(.)(...)......,2
246,20,...(.((((.)))..))...,...((((.)))(.)).....,2
247,20,.(((.(((((.)))))))).,.(((.)))(((((.))))).,2
248,20,(((.)((((((.)))))))),((((((.))))))(.)(..),3
249,20,((((((...))))((.)))),(.)(((...((.)))(.))),3
250,20,..(((((.)).))(..))..,..(((.)(.)))((.).)..,3
251,20,((....)((.)).((.).)),((...))(.((.(.)..))),3
252,20,(((((.(.))((..)))))),((.))((((.((.))))).),3
253,20,....((((.))))(.)....,....(((.)).)(.).....,3
254,20,..((.)(.)(((.))).)..,..((((.))))(((.)))..,3
255,20,(((((...(((.)))))))),(.)((...(.)))(((.))),2
256,20,.((((((.).(..))))).),.(..)(((.(((.))))).),3
257,20,(((((.)).)(((.))))).,((..))(((((.)))(.))),3
258,20,....((.(((.)))))....,....(((.)))((.))....,2
259,20,.(.(((.))(.))(..).).,...(.)(((((.)))))...,3
260,20,(.(((..)((((.))))))),(.)(((((.)))))((..)),3
261,20,.(((.((((.(.)))))))),(((((((.)))..))(.))),2
262,20,(.((.))(.))(.).((.)),(((((((.)((.)))))))),3
263,20,.((.)....)(.((..))).,.((((...(((.))))))).,2
264,20,.(((.)(((((.))))))).,.((.))((((.)(.)).)).,3
265,20,.(.)((((((.)..))))).,.(((((((..).))).))).,2
266,20,((((.))))(((((.))))),((((.((.)).))(..))).,3
267,20,(((((.))(.(.))(.)))),((.))(((.).(((.))))),4
268,20,..((((((.(.)))))))..,..((((.))))(((.)))..,2
269,20,(.((((.)))..))((.).),(((((((.).)))))).(.),3
270,20,((.(((((.))(.)))).)),((((.))(.(.)(..)))).,3
271,20,.(....)((...)((.))).,.((...(((((.))))))).,2
272,20,(((((((.))))))((.))),((((.).))).((((.)))),3
273,20,..(((((.))((.).)))).,..((((((.)).))))(.).,3
274,20,.((.....((((.)))))).,.((.....))((((.)))).,2
275,20,....((((.(.)).)))...,....((((.)).))(.)...,2
276,20,..((((((.).)(..))))),(((((((((..))))))))),2
277,20,((.....)((.))(.(.))),(......)((((.(.))))),3
278,20,((((.)))((.((.).)))),.(.)((((((.)))(.)))),3
279,20,((((.((((.).)).))))),.((((((.))((..)))))),2
280,20,..(.(((((.))...)))).,.((.(.)))(((....))).,2
281,20,..((.(.)(((.)).)))..,..(.((((.).))))(.)..,3
282,20,.((.)(.))((.))((.)).,.((((((((.)))))).)).,2
283,20,(((((((((.)))))).))),((.))((((((.)..))))),2
284,20,(.)((((.)((.)))...)),((..(((((.)))))...)),2
285,20,...((((((.))))).(.)),((.))((.((.)((.))))),3
286,20,..(((((.)))))((.))..,..((.(((((.)))))))..,2
287,20,..(.)((((.))).).....,..(((..)((.)))).....,3
288,20,..(.((((((.)))))))..,..(((.)(((..)))))...,2
289,20,(((.).)(((.((.)))))),(((((.)).((.)))))(.),3
290,20,.(((((((.)))))))(.).,.(((.)))(((((.))))).,3
291,20,((((.))))(.(.))((.)),((.)(((((.)))(.).))),4
292,20,((.((((.)))))((..))),.((((.)))(((.)(.)))),3
293,20,.(.)(((((((.))))))).,.((((((((..)))))))).,2
294,20,(((((.(.)))(.(.))))),(.)(((((.))(.))))(.),3
295,20,..((((((..))(.)).))),((((.)(((.)))(.).))),3
296,20,.((...)((.(((.)))))),(((...((((.)).)))).),2
297,20,(.)(((.)))(.((.))..),((((.((.))((.))))).),3
298,20,(((((.))(.(....))))),(.)((((((.))...).))),3
299,20,.(.)((...((...)).)).,.(((((...)....))))..,2
300,25,((((((((((.).))))))))(.)),((((.))))(((((((.)))).))),3
301,25,((((((((((.)))))))))(.)).,(((.)))(...((((((.))))))),3
302,25,.(((((((((((.))))))))).)),(((.))).(((.(.))))(.).(.),2
303,25,..((((.))((.(......))))).,.((.)((((((.).....)))))).,3
304,25,((.))(((((((.))((.))))))),(((((.)))(.(.(.))))((.))),4
305,25,.(((((..)).((.)))))((.)).,.((((.((((((.))))))).))).,2
306,25,((((((.)))))(((.)).....)),((((((((.))))))))(......),3
307,25,(((((.))).(.)))(.)(((.))),(.((.)((.))))(((((.))))).,4
308,25,.(((((.)))(((.))((.))).)),(((((.(((.))))))(((.))))),3
309,25,.((((.(.))(.((.))))(.))).,..((.))(((..)((.).(.)))).,4
310,25,((((.(.)))))(.((.(.)).)).,(((((((((.))))))).))((.)),3
311,25,((((((.((.))))).))).((.)),.(((.)))((((((((.)))))))),3
312,25,(.(.)(.))(((((((.)))).))),(((.((((.))))))((((.))))),3
313,25,((.)((.))((((.))((.))))).,(((.)(((((.)))))(((.))))),4
314,25,((.)(.)((((((((.))))))))),.((.(((((.)(.)))))((.)))),4
315,25,.((.))(((.)((.)))((.)))..,.(((((.))))((((.)))))(.).,4
316,25,((..((.)((((.)))))....)).,.((..((((.))(((.)))))..)),3
317,25,((.))((((((.))))(((.))))),(((((((((.))))))(.))))(.),4
318,25,((.(..)))(((((((.))).)))),((((.))(.)(.)..)((.)(.))),3
319,25,....(((.)(((.)(.)))))....,....(.(((((.)).).))).....,2
320,25,.(.(((((.)))(((.)))(.)))),(..(((((.((((.)))))))))).,2
321,25,.(((((.(.))))))((((.)))).,.(((((((((.)))))(.)))))..,3
322,25,(((.)(((.(.))(((.).)))))),((((.))))((((((.))))(.))),4
323,25,..((((...))(((.)))))(.)..,..(.((...(((.)))(.))))...,3
324,25,((((((((.))).).......)))),((((((.)))))((.......))).,2
325,25,(((((((.)((.))))))))((.)),.(((.).(((((.)))))((.)))),4
326,25,((.))((.(((.)(.))((.))))),(((((..))((((((.))))))))),3
327,25,.(((((((((.))))))))(.))..,.(.((.))).((((((.)))).)).,3
328,25,..(.((((.....)((.))))))..,..((((((......))))))(.)..,3
329,25,((.))(.(((.))((.((.)))))),((((.(.)))(((((.)).)).))),3
330,25,.((((.)(((.(((.)))))))).),((((.)(.(.))(((.))))(.))),3
331,25,..((((((((.))))))))((.)).,.((((((((((.)).)))).)))).,2
332,25,.((((((((((.).).)))))))).,.(((((.)))))((((.))(.))).,2
333,25,((((.(((.)(((.))).)).)))),(.)(.((.))((.))((.)).(.)),3
334,25,(.(((.)))(((((((.)))))))),(((((((((.)))))).)))((.)),3
335,25,.(((((((...))))((.))).)).,.((.))((...((((.)).))))..,3
336,25,.(((....)).)(((.)...))(.),((((...))((.))(((...))))),4
337,25,((.)((.))((((.)))(.)(.))),((((.))).)((.(.((.)))))..,3
338,25,.(((((((..........))))))),((((((((.........)))))))),2
339,25,(.)..((((.((...)))))).(.),(((.(.)(((((....))))).))),3
340,25,.(((.))((((((.))(.)))))).,.(((.(((((..)))))))).(.).,3
341,25,(((.)(..))(((((.)))))(.)),((.((.(.)))(((((.))))))).,3
342,25,((((((((...).)).(.)))))).,(((((.))...)((.)))).((.)),3
343,25,.(((((((.)))))(.))((.))).,.((.))((((.)((((.))))))).,4
344,25,..(((((.)))(.)))(((.)))..,...((((((((.))..)).))))..,2
345,25,(((((.)))(((.....)))))(.),(((.))((((((......))))))),3
346,25,...(((..(((((.))))))))...,...((.))..((((.)(.))))...,2
347,25,((((.)((((((.))))))(.)))),((((((((...)))(.))))))(.),4
348,25,(((.)))(((((.)))))((..)).,((.))(((((.)(...))(.)).)),4
349,25,((((((((((..))))...)))))),((((((.))((.))(....))))).,2
350,25,((...))((.(.(((.)))..)).),((...(((((.)))))(((.))))),3
351,25,((((.))(((((((.)).))))))),.((.)).(.)((((((.)))..))),3
352,25,.(((((((((.)))))))(.)))..,..(((((((..)))))..)).(.).,3
353,25,((((((.((.))))))(((.))))),.((((.((((.(.))))))))(.)),3
354,25,(..)(((((((.))))).)(..).),((((((.))))((.)))(.)(..)),4
355,25,(..(((((.((.)).))).))..).,(..(((.)(.)))...((.))...),2
356,25,(((.).(((((.)))))))((.)).,((((.((((.)))))))(.(.))).,3
357,25,..((((((.(.))))))(.))(.).,.((.))((((((((.))))))).).,3
358,25,(.....)((((((..(.).)))))),(.....((.)).).(((((.))))),3
359,25,(((((((.).))))))(((...))),((((((((.))))))))((....)),3
360,25,(((.))((.)(((((...))))))),((.))((((((.(.)...)))))).,3
361,25,.((.))(((((..)))).)((.)).,.((((.))))((((((.)).)))).,3
362,25,((.(.)(((((.))))))((.)).),(.)((((((.)(.)).((.)))))),4
363,25,(((.((((.)))))))..(((.))),(((((((.))((((..))))))))),2
364,25,.(((((((((.).)(.)))))))).,.((((((((.)))))))(.))(.).,3
365,25,((((((.)(((.))))))))((.)),(((((.((((((.).)))))))))),2
366,25,..((((((.).).))((.).)))..,..((.))((.)(((((.))))))..,3
367,25,.((((((.((.(.)).).)))))).,.((.))((.)(.))((.))(...).,2
368,25,(.((.)(.).(.))).(((.).).),.((.)(.))((((.)(((.)))))),5
369,25,((.)((.))(((.((.(.))))))),((((.)))).(((..))(((.)))),4
370,25,(.((...(.(.)))((((.)))))),((((...))))(.)((.((.)).)),3
371,25,.(((.)((((.)(.))))))(..).,.((.((((.))(.))))).((.)).,4
372,25,((((.)((((.)))).).))((.)),(((((.)))))((((((..)))))),3
373,25,(((.))(((((((.))(.))))))),(((((((.)).))(.))))(.)(.),4
374,25,.((((((((...)))))))((.))),(((((((.((((.).)))))))))),2
375,25,(((.))((.)(((.))(.))))(.),((((((((((.)))).)))(.)))),3
376,25,.((((.)((.)((.)))(.)).)).,..((((.)).(((((..))))))).,3
377,25,(((.)))...((.((.))))((.)),(((((((...))).)(.))(.).)),3
378,25,(((((.)(((.))))))(((.)))),((((.)))((.(.))(((.))))).,4
379,25,((((((((((.))).)))))))(.),.((((((.)(..(.).))))(.))),3
380,25,((.)).(((((((((.))))))))),((((.))(.)))(.((.)))((.)),3
381,25,.(((.))((.)(.))(((.))))..,.((.)(((((.)(((.)))))))).,4
382,25,((.(((((..)...((.)))))))),.(((((.))))...)(.(((.)))),3
383,25,((((((((.)))))).))(((.))),(((.)((((.))((..)))(.)))),3
384,25,(.)((((((.((.))(.).)))))),.((.).(((.))(.(.((.)))))),4
385,25,(((((.)(((((..))))).)))).,(((.))(((.))((.(.))))(.)),3
386,25,(.)((((.)(.))(.(((.)))))),(((.)))(((((.)(((.))))))),4
387,25,((.)((((.))((..)))))((.)),(.((.).)(.)((((((.))))))),4
388,25,((((.)(((((((.).))))))))),(((((.))).))((((((.)))))),3
389,25,.((.))(((((...((.)))).))),(((((.)))((...))(((.))))),3
390,25,((((.))))((((.(((.))))))),(((((.)))))((((.))((.)))),3
391,25,.((((((..))))))(((.)).)..,.((((.)).)((((.)(.).)))).,3
392,25,...((((((.))))))..((.))..,..(((.((((.)((.))))))))..,2
393,25,(.((((.).))((.)))(((.)))),((((.))(((((.))))))).(.).,4
394,25,....((((((((.))))))))....,..(.((((((.))))).)(.).)..,2
395,25,..((((((.))(.)))))((.))..,..((((.)))).(((((.)))))..,3
396,25,..((((((((((.))))))))))..,..(.)((((((((.))).)))))..,2
397,25,((((((.)(.).)))(.)))((.)),(((.(.))((.)..)(.(..)))).,4
398,25,..((((((((((.))))))))))..,..(.)(.((((((.).).)))))..,2
399,25,..((((((((..))(.)))))))..,..(.(..(.))((.)((.))))...,3
400,30,((.(((.(...(.))(((.))))(.))))),(.)(((((...)(((((.))(.)))))))),4
401,30,(((((((.)))((...)))(.))((.)))),(.)((((((.)))...))(.)(((.)))).,5
402,30,..((.(((((((((.))).)))).))))..,...((((((((.)).))))))(((.)))..,2
403,30,(.(((((.(((.)))))))...)(.)(.)),((.)((((.)))(((.)((...))))))..,4
404,30,(((((((((.))).)..((.)))))))(.),.((((((((.(.))).(.))))(..)))).,4
405,30,((((((.)))((((((.))))(..)))))),(.)((((.((.)((((..)(.))))))))),4
406,30,.(.((((((.)...)((.)).))))(.).),(..(((.((((...)))))(.(.))).).),3
407,30,.((.(((((.))))))((((.(.)))))).,.((((.)(((.)(.)))).)).(((.))).,3
408,30,(((.)))((.......(((.)((.)))))),((.))((((.......))))((((.))).),4
409,30,((((.((.(((((.))))))))))((.))),((((.)))((((((((.)))))).)))(.),3
410,30,((((.(.)))))(((((.))).((.)).)),((((((((.))))(((.)))).)((.)))),4
411,30,((((....)(.)(((((.)))(.)))).)),(((....)((((.)).)((.))).))(..),5
412,30,((((.)).((.(((.)((.(.))))))))),((((.(((.)))))(.)))(((((.))))),4
413,30,(((((.((.)))((((.))))((.)))))),(((((((((.)).))))))(((.))))(.),4
414,30,(((.)(.)))((((.)(((.(.))))))).,(((((.)))))(((((((((.))))))))),3
415,30,(.)(((((((.)))))(.)))(((...))),((..))((((((.)))))(.)((....))),5
416,30,.(((((((.)(((((.))))))).).))).,.(((.)(((.)(((.)))))))(((.))).,3
417,30,((((..)))((((.)..)).))((.))(.),(((((((((((((..)))))).)).))))),2
418,30,(((((.(((.((((.))..)))))))))).,(((((((((.))).).))((((.))))))),2
419,30,.((((.(((((.))...)))))))((.)).,.(.)(((((.)))))((.(((..).)))).,3
420,30,(((((.)))))(((....(((.)))..))),((((((((.)))))..((((.))))..))),3
421,30,...((((((.)((.(.))))))))(.)...,...(((((((((.)).(.)))).))))...,3
422,30,((((((((.)))))((((.(.)).)))))),.((((.))((((.)))(((.)(..)))))),3
423,30,(.)(((.)))(((.)(.(((.)))(.)))),(((((.).))((((((((.)))))))))).,3
424,30,((((.(.(((..)(((.(.))))))))))),..(((((..).)(((((.))(.)).))))),3
425,30,.....((.)(.....)(.))((.)).....,.....(((.).....)(((.)).)).....,3
426,30,(((((((((.))(.))(((.))))).)))),((((((((.))((.((.)))))))..))).,3
427,30,(((((((.((((.)(.))))))))))...),((((.))((.))(.)))((.))((.)...),3
428,30,(((.((.)))))(((((.).))((.).))),(((((((.(.))))(((((.)))).))))),3
429,30,.(.)(......((.))(((((.))).))).,.(.(.......))(.(((.))).)((.)).,4
430,30,((.))(((((((((.))))))).(.)))..,(((((.(((.(((((.))).)))))))))),2
431,30,.(((.(.))))(((((.))))(((.)))).,.(((((((((.(.).))((.))))))))).,3
432,30,((((((.)))((((.))))).))(((.))),((((((..((((.))((.)).)))))))).,3
433,30,.((.)((.)))(((((((.)(.))))))).,.((((((((.))))(((.)))(.)).))).,4
434,30,(((.(.(.(.)((((.)))))))).(.)).,(((((.(.)((.)((((.)))).))))).),4
435,30,((((((.)(.))))))(((.(((.)))))),((((((((((.)))))(.))(.)))))(.),4
436,30,((((((((((.).)))(((.))))))).)),((.))(((.((.(((((.))))))).).)),3
437,30,.(.((.))((((.))).(((.)))))(.).,.(((((.((((.).((..))))).))))).,3
438,30,(((.(.)((((((.)(((.))))))))))),((((((.))))))(.((.((..(.)))))),3
439,30,((((((((((((.)))((.))))))))))),(.)(.(.))(((((((..))((.))))))),3
440,30,.(.)(((((..))).(((((.))))).)).,.(((.)))(((.(((.)))(((.)))))).,4
441,30,.(((((((((.((.)))))))))(.).)).,.(((.)))((((((((((.)))))))))).,3
442,30,(((((((.))).(((.).(.)))(.))))),((((((((.))(((((.)))))).))))).,3
443,30,((((.))))((......(.)(...)...)),((((((.))))......((.)...)...)),3
444,30,(.)((((((((((((.)))))))))).).),((((.)((.)(.)))((((((.)))))))),3
445,30,.((((..((.(.)((.))))))))((.).),(((((.((((.))))((.(..))))))).),3
446,30,((((((.))))))(((((((.)).))).)),(((((((((..)))))).))((((.))))),3
447,30,.((((((.))))(((.)))))(.)((.)).,..((((((.))))))((((((.).))))).,3
448,30,((.)((.)))(((((.....))))((.))),..(((.(((.))))).(.).)((((.)))),4
449,30,.(.)((((.).)(.))(.)((((.))))).,..((((.)((.)).))((.))..((.))).,5
450,30,.((((((.))))))(((((((.))))))).,.(((((((.(.))))(.)))))(((.))).,3
451,30,(((.((((((.)))((((.)))))))).)),.(((((.)))(((.))(.)).)(((.)))),3
452,30,.((((((.(((.).)))))))(((.)))).,.(((((.)).((((((.)))))))))(.).,3
453,30,.((.((((((((.)))))).)((.)).))),(.((.))((((.)))(.((.)))((.)))),3
454,30,(((.((.)))(((((.))(((.)))))))),(((((.)))))((((((.)))((.))))).,4
455,30,...(((.)(.)(((.))))((.).).)...,...((.))(((((.)))))(.)((.))...,5
456,30,((((((.((((....))))))))(...))),(.)((((((((...((.)))))))...))),3
457,30,.((((((.)))(((((.....))))).))),(((.)))(((((((.).....)))(.)))),3
458,30,....((((((((.)((.)))))))))....,.....((((((((((.))))))))))....,2
459,30,..(((.))(((((.(((.)))))))).)..,..((((.)((.)))((.)))).(.)(.)..,3
460,30,.(((.))(((((.))..))(((.)))))..,.(((.(((.(((((.)))))))))))(.).,3
461,30,.(((((((.))))(.)(((((.)))))))),(((.).)((((.)((((((.)))))))))),4
462,30,.(.(((.(.)((.))))(((.)))))(.).,.(.)((((((.((.).(.))))..)).)).,4
463,30,.((((((((((....)(.)))))))).)).,.((.))((((((...(.)))))))((.)).,3
464,30,(((((((((.))))(..))))))(((.))),((.)(..))((((((((.)))))(.)).)),4
465,30,.(((((((((.))))..))(((.)))))).,.((((((((.))(((.))))(.))))))..,3
466,30,.(.)((((.).(..)(((((.)))))))).,.(((.)))((((.))))(((.((.))))).,4
467,30,...(((((((.)))))).)(((.)))(.).,.(((((((((((.)).)))))))(.)).).,3
468,30,((..))((((.))))((((((..))).))),((((((((.))((((((.)))))))))))),3
469,30,.(((((((((.).......))).)))))..,.((.))((((((.......))...)).)).,2
470,30,.((.)(((((..))))))(.((.)))....,.((((((((((((.))))))))))))....,2
471,30,.(((..)(..)))((((((.(.))))))).,.(((.))((((((.))(((.)))).)))).,4
472,30,.((.(((((((.(((..))))).))))))),(((((((((.)))))((.((.).))))))),2
473,30,.(((((((((.))).......)))(.)))),(((.))(.))(.((.......))(.))(.),3
474,30,((.((.)(((((.)).(.....))).)))),((((((((..)))).)(...).)).)(.).,4
475,30,((((...).))).((((.).))..((.))),(((....))(((.)).).(((((.)))))),4
476,30,(.)((((.)))).(.)(.)((((..)))).,.(((.((((.)).))))((((.))).).).,3
477,30,(((.)))((((((.(((.))))))(.)))),(((((.)).((.((.))((.))(.)))))),4
478,30,.((.))((((((((.).))).)(..)))).,.(((((.))))(((((((.)).).))))).,3
479,30,((((((.((.))(((.)))))))))((.)),((.)(((((..))))).(.((.)(.)).)),4
480,30,((((.)))(((((((...)(.)))))))).,(((.)((.)((.).)...)((((.)))))),4
481,30,((((..)(((.))))))(..(..((.)))),(((((.))(((.)((.))).))((.).))),4
482,30,((((((((((.)))))).((.(.))))))),((((((.))))).)((((((.))))(.))),3
483,30,.(((((..(((.)(((.)))))))(.)))),((..)..(((..)(((((.(.))))))))),4
484,30,((((.((((((.)))))))))(((.).))),((((((.(((((.)))))))((.)))))).,3
485,30,(((((((.(.)))(.(.)).((.))))))),(((((.))(((.)))))).(.)(((.))).,4
486,30,(((((((.)))))(.)(.((((.))))))),(.(.))((((.)..((.(.))))((.)))),4
487,30,.((((((((((.)))(.))))))))(.)..,.((((((((((.(.)))).))(.)))))).,3
488,30,.(((((.))))((((....)))((.)))).,..((((((((((.)))...))))))(.)).,3
489,30,.(.(.))((.((.(((.(.))).))).)).,.((.)((.).(((((((.)))))))..)).,3
490,30,.((((.)))((.((.))...((.))).)).,..((((.)(((.(.))(...))))))(.).,4
491,30,..(.)((((((.(..((.)))).)))))..,..(((.(((((((.))))(.)))))))...,3
492,30,((((.)((((((((.))))(.))))).))),((.((.(.))))(((.((.))))))((.)),4
493,30,(.)(.(((((...)(.(..(.)))))))).,((((.((.((...(.)))))((..)))))),3
494,30,..(((((((.))))))(((((.))))))..,..(((((((.((.)))))))))((.).)..,3
495,30,(.(((((.)))(.))(.))((((.)).))),((.))((((((((((.).))(.)))))))),4
496,30,(((((((((.).(.)..).)))(.)))).),.(.)((((((.)))))((.((.))))(.)),4
497,30,((((((((.)((((.)))(.)))).))))),((.)(.))(.)((((((.))((.))))).),4
498,30,.(((.)(.(((((((.))).)))).).)).,.((((.)))(.(.)((.)).))(((.))).,3
499,30,(((.)))((((.).))((((((.))))))),((.)((((.))(((.)((.)(.)).))))),4
500,35,.((.)(((((.))((((.))).(((.)))))))).,..(((.)(((((((.((((.))))))))).)))).,3
501,35,.(((..)((...)))((((.)).))(.)((.))).,.((((.(((...((((.)))))))(.)))))(.).,4
502,35,.....(((..)))((((((((.)))))))).....,.....(((((((((((.)))))).)))).).....,2
503,35,((.((.(.)(.))))((.))((((.)))).).(.),(((((((((((.)))))(.((((.))))))))))),3
504,35,(((((.(((((.).((((.)))))))))))(.))),((((.))))(((((((.))..)((((.)))))))),4
505,35,((((.)((.))(((.))))(((.)(((.))))))),(.(((.)).)(((.)))(((.)(((.))))))(.),6
506,35,(((.))((((.)((.)))))((((.)))))((.)),(((((((.(.(((((.)))))(.)(.))))))))),4
507,35,((.((((((.)))))))((.)((((.))(.))))),(.)((((((((((.(.((.))))))(.)))))))),4
508,35,(((((((((((((.))))))).))))(.)).)(.),((((.(.)).).((((((.(.)))))))((.)))),4
509,35,((((((((((.)))(((..)).))).(.)))))).,.((((((.))))))((((((.))))(.)))((.)),4
510,35,(.)((((.).))((((.(...)))).).((.))).,(((.)(.))((.)((((.....))))(((.))))),5
511,35,((.))((((((.((.))(.))((((.))))))))),((((.(((((.(((((.))))(.)))).))))))),3
512,35,(((((...((((((((((.))))))))))))).)),(.(((...))))(((.))(.)(((.))).(...)),2
513,35,..(((((((((.)))).))))((((...)))))..,..((((.((((.(.(((((.)))))))))))))).,2
514,35,.(((((((.((.)))))))((((.(.)))))))..,.(((((((((((.(.)))))(((.)))))))))).,3
515,35,....((((.))))((((.))(.(.))(.)))....,....(.(((((((.))))(.))).))((.))....,4
516,35,((((((.((((.)))(.((.)))).)))(.)))).,(((((.)))(.))(((((.)).(.((.)))))).),4
517,35,..(.)((((.)((.)))))((((.))))((.))..,..((.((((((.))))..)))(((((.))))))..,3
518,35,((((.(((.))(.)(((.....))(.))).)))).,(.)(.((((.)..(.)).....)((...)))(.)),5
519,35,(.)(..)(((.))((.)(.)((..)))(((.)))),(((((.))))((.(.))(.((((((.))))))))),4
520,35,(((((((.)))).)(((((.)))))))(((.))).,((.(((.)((..)))(((((.)).)((.))))))),4
521,35,((((((((.).)))))).)(((((...))))...),((((((((((((.)(.))).))))...))))...),3
522,35,.((((((((((.(((...)))))))))))))(.).,.((((((((((((((....)))).)))))))))).,2
523,35,(((.)((((.))))(((.)))(((.....).)))),(.)(((((.((.)(.).)))((.).....))..)),5
524,35,(((.))((.(((.)))))(.))(((.(.)))(.)),((((.(((((.))(((.))))(((.).)))))))),4
525,35,(((((((...)(((.(.)))))))..)))((..)),.(.)(((...(((((.)))))))(((((.)))))),4
526,35,.((..)(.((((((.)))))).)((((.)).))).,.((((((.(.)((.)((.)))..)).)).))(.).,4
527,35,((.))(((((.)))((((.)((.))))).(.).)),(.)((((((.)))))(((((((((.)))))))))),4
528,35,(.)((((((((.((.)(((.))))))))))(.))),(((((.)))(((.)(((.).))))..(((.))))),5
529,35,(((.))((.((.)))((((.)).))))(((..))),.(((((((.(.)))))))(((((.))((.)))))),4
530,35,(.((..)(((.)))..))((((.(.)))((.)))),(((((.)(..)((((.)(.)))))(.)))((.))),5
531,35,(.)((.(.((.)((((((((.))))))).).)))),(((((.)))))(((((((.)))))((((.)))))),4
532,35,(.(((..)(((.))))))(((.(.)))(((.)))),((..)(.(((.))))(((.)))(((.)))((.))),5
533,35,(((((((((((.))(((((.))))))))))).))),.(((.(.)))((((((((.)))).))((.)))).),3
534,35,((((((.)))))(((((.(.)(...)))..)))).,(((((.(((((.(.(((.))))...)))))))))),2
535,35,((.)(((....(.))(((((.)))))))(.))(.),(.)(.(....(((((((.)))(.))((.))))))),5
536,35,((((((.(((.))))((((((.))))))).)).)),(.((((((((((..).(.)))))))))))(.(.)),3
537,35,.((.(.(.)))(.)(((.)))(((((.))))))..,.(.((((((.(.)(((.))(.)))))(..))))).,5
538,35,(.(((((((((.))))))).((.(.).)))))(.),(((((((.))))))((.)(((((((.))))))))),4
539,35,(.)(.(.((((((((.)))))(((.))..)))))),((((((.)))((((((((((.)))).))))))))),3
540,35,.(((((.))((.)(((.)))))(((.(.)))))).,.((.((((.))))(.(((..))))))((.))(.).,5
541,35,((((..))))((((...)(((((.)))(.)))))),((((((.))))))(.(((((..)(.))))).(.)),5
542,35,......((((.).)))(((......))).......,......((.)(.)((((.).....).)))......,3
543,35,((((((((((((((.)))).)))))))((.))))),(((((.)))))(((((.))))((.))(.)((.))),3
544,35,((((((.))(((.).((.)))(.).).))(.).)),(((((.((((..(.(.))))))).))))(.)(..),4
545,35,((((((.)(((((..)((.))))(.))).)))).),((.(((((((.)(.)))))))((((.))))))(.),5
546,35,(((((.))(((.....))))((.((.)(.)))))),((((((.))((.....(((.)))))).)))((.)),4
547,35,(((((((((((((.)))(.))))))(.))))..)),((.((.)))(.))(((((((.).))((.))).))),4
548,35,.((..)((((.))(((.))..)))(.(....))).,..((((((((((.)))(.)((.)))))...)))).,4
549,35,((.(.)))(((((.)((..)(.))(((.))))))),((((((..)((.))))))((((((.)))..)))).,4
550,35,((((((((.))))))((((((...(.))))))))),((((((.)))((((.((.)))...))))..))(.),3
551,35,(((.))((((..))(((...(.))))(.(.))))),(((((((((.))))(((...)((.).)))))))).,4
552,35,(((.)(((((.))))).))(...((((.)))).).,((.)(.)(((((.))).))(...)((.)(..).)),4
553,35,.((((((.)(.)))(.)((.(..))))))((.)).,.(((((.((((((..)(((.)))))).))))))).,3
554,35,((((((((.).)))))))(.)(..)((.))((.)),(((((((((.)(.(((((.)).)))))))))))).,3
555,35,(((.)(((.)((((((..))))))))(((.))))),((((((.))))))((((((((.)(.)).))))).),4
556,35,(((.((((.))))))(((..))))((.((.)).)),.(((.(.)).)).(((.)(.(.)((((.))))))),4
557,35,(((((((((((.(.)))))((((.))))))))))),(.((((.)))).((((.)))))((((..)(.)))),3
558,35,.((.((.))((.)).((((((((.)))))))))).,..(((((((((((.)))))))))..))(((.))).,3
559,35,((((.(.)(.)))))(((.)))((((((.)))))),.(((.((.(((((((.))))..(.)))))..)))),3
560,35,.(..)(((((((.)))(((.)))))))(((.))).,.((.((.(((.)))))))(((((.)(...))))).,4
561,35,(((.(((((.).....)))).(((((.)))))))),(((..((.(.(.....)))).)))(((((.))))),3
562,35,(((((.((.)))(((.)))((((.)))))))(.)),((.).)((((((.(.)))))(((((...))))))),4
563,35,(((((.)))(.))(.((.))))(...)(.((.))),(((.)(((.(((.)))))))(((...((.)))))),4
564,35,.((.))(.)((((.((...))))(.(....))).),(((((.(((.))((((.).)(.))))....))))),4
565,35,..(((((((((.....))))).).))((.)).)..,...(..(((.).....))((.(.((.).)))))..,3
566,35,(((.((.)))(((.(.)(.)(.)(((.)))))))),(((((.))((((...))))))((((.))(.)))).,5
567,35,.(((((..)((.)).)))(.(((.))))((.))).,.((.))((.(((.)))((.(((((.))))))))).,4
568,35,.((((.)((.))(((.))))(.)))(((.))(.)),((((.)(...)))(((((.)))))((.)(..))).,6
569,35,((((.)((((.)))(.)))....))((((.)).)),(((((.)(.)((.))))((.(((.))).)(.)))),5
570,35,((((((((.)(.(.))((.)))))(((.))))))),((.)((((((.)(((((((.).)))))))))))).,4
571,35,.((.........))((.((.))))((((.).).)),(((.........(.((((.)))))(((..)))))),3
572,35,(((((.(.(((((.))))(((.))))(.))))))),(((.))(.))(((((((((.).))))((.)))))),4
573,35,..((((.((((((((.)))(.)))).))).)))..,..(((((.(((.))))))).)(.(..)((.)))..,3
574,35,..(((.)))((.(.))(.((((..)))))).....,..(((((.)(((.))..((.)))))(.))).....,4
575,35,.....(.((((.(.).)))))((((.((.)))))),.....(((.(.)))(((((((.)))))((.))))),3
576,35,(((((((((((((((((.))))))))))))))))),.(((((((((.(.)))))(((((.)))).)))))),2
577,35,((.((((.((((.))(.(.(.))(.)))))))))),((((.))))(.(((((.))))((.))(((.))))),4
578,35,..(((.)(((((((((.)))(.)))))))))....,..((.)((.)(.(.))(..)(.(.).(.))))...,4
579,35,(.((((((.))))(((((((.))))))))(.)).),((((.))))((.(((.))((((.)((.)))))))),4
580,35,.((((((..))))))((((.))))((.((.)))).,.(((((.))(((((((((.))))(.))))))))).,4
581,35,(..((((((.)))))(((.)))((((..))).))),.(((.((((((.(((.))))))))))(((.))))),3
582,35,(.....)((((.)))).((((((.((.)))))))),(.....((((((((.))).)).(.(.))))(.))),4
583,35,..(.(((((.((((((.)))))))))).)(.))..,..((((.)(.).)))((((((.(.).)).))))..,3
584,35,.....(((((((((.)))))).(((..))))))..,.....((((.))))(((((.))))(.))((.))..,3
585,35,.((.))((((((.))))(((((...(.)))))))),((((((.(.(.)))(.((((.)...)))))))).),3
586,35,((((((((.((.).(.)))))))(.)((.)).))),((((.)).)((((.))((((.).((.)))))))).,5
587,35,((((((.))))).)(((((((.))))))((.))).,(((((((((.)))((.)))..)))((((.)))))),4
588,35,((((.)........))(((((.))(((.))))))),((((((.......(.(((((.)))).)))))))).,2
589,35,.((((((.)(((.)))))))(...(.)))((.)).,.(.)(((((.).)(.)))(((...).((.))))).,5
590,35,((((((.)(((.).))(.))))(.)(.)(.)).).,((((.(((.).))))((((.)(.)..)))).)(.),5
591,35,((.(.)(((((.))))))((.))(((.)).(.))),(.(((((((.)((.((((.)))))))))))))(.),4
592,35,((.((.)(((((.)))))))((((((..))))))),((.)(((((((.))))))))(.(((((.))).))),4
593,35,((((.)(((((..))))))))((((.))).(..)),(((((((.)))))((((((..)))((..))))))),4
594,35,..(((.)((.....(((((.....)))))))))..,..(((((((.....(.))).....(.))))))...,3
595,35,((((((((((.(..).)((((.))))))))))))),(((((.)((((.))))((.)))))((((.))))).,3
596,35,(((((.))(((((.))))))(.))((.)((.)))),((((((((((.))((.))))).))).))(((.))),4
597,35,((.(((.))((.)((.((.)))).)((...))))),(((((.))(((((.)))))))((.)))...((.)),4
598,35,(((.))).((((.).(((.(.))))((.).)).)),((((((.)))(.)(.))).(((((((.)))))))),5
599,35,((((..))((.)(((((.)).))))).)(((.))),((.)((((.)((((.)))))(((((.)))))).)),5
600,40,(((.)((((.))(.))((((.))))(.((((.)))))))),((((..).)))((((.))))((((((((.))))))))(.),5
601,40,(((((.(((((((.)))..)))).(.))))))((....)),((((.))((.)))(((((((.))).))((.))))(...)),4
602,40,(((((.)(((.))))(.((....)))).(((.)))).)..,((((((.((((.(.(.((((...))))))))))))).))),2
603,40,((((((((.)))(.(.)(.)))))((((.))))))((.)),(.(((.)(((((.(((.))))))(((.))((.)))))))),5
604,40,.((((((((((.(((((.)(.))))))(.)))))))).)),(.((((((((.)(((.)))))).).))((.)))(.)(.)),4
605,40,.(..(((.)((((((((((.))))..)(.)).))).)))),((((((.)(((.)))))((((.)))))))(((.(.))).),4
606,40,.((((((((((.)))).)))))(((.))))(.(.)(.)).,.((((.)))(.(((((..(.)))))(.))(((.).)))).,5
607,40,..(.)(((((((((((((((..)))))))))))))))...,..(((((((((((.))((.)))).))))))(.)(.))...,3
608,40,...(.((((...))))(((((.)))))(((((.)))))).,..((((((....)(.(.(.)((.((.)).))).)))))).,4
609,40,.(.).(((((.))).)((.(((.))((((.)).)))))).,.((((((.(((.)(.).))))((((((.))))))))).).,4
610,40,(((.)((((((((.)).))))))))((((....))))(.),.((((((((((.)(.))).))))))(((....(.))))).,4
611,40,.((...(((((...))))(.....))((.)(.))..))..,.(((..(((((.....)(......)((.))))))..))).,4
612,40,(.)((((.(.(((((((((((.))).))))))))))))).,(((((.(.)((((((.))))).))(.))))((.).))(.),3
613,40,.((((((.))))))(((.((((((.)))))))))((.)).,..((((((((((.)).))(.)))))((.)))((.)..)).,4
614,40,.....((.((....((.(.(.)))((.)(.)))(.))))),.....(.)((....).)((((((((.))).))))((.))),5
615,40,((((..)((((.)(.))((((((.)))))).....))))),(((((((.))(((.)))))))(((.))(.).....))(.),5
616,40,(((((.))(((.)((.))(((((.)(.(.))))))))))),((((.)(.))((((((.))))))(((.)))))(((..))),6
617,40,...(((((.)(.((.....).))(.)((.(.)))))))..,..((((.))(((.)......)((((((..)))))))))..,4
618,40,((((((((((....((.))((..(.)))..)))))))))),((.).)((((((..((((((.))))))...)))).)(.)),3
619,40,.(((((..)).)))((((((..)))))(((((..)))))),.(.(.)(((.(.((..))))((((.))))(.))((.)))),4
620,40,.((((((.)(((((..))))))(.)(.(.))).)))(.).,.((((.)((.))).)((((.).))(.(.)(((.)))))).,6
621,40,(.)((.)(((((.)))((.....(((((.)))).)))))),(((.(((((..)).((.(.....))))((.))))))(.)),5
622,40,(((.)(((((((((.)))))))))))(.)(((.....))),((((.)))(((.).)((((((.))))((.))).....))),5
623,40,(((.)))(((((((((.)))))((((.....)).)))))),((.)(((((((((((.))(.))))(......)))).)))),4
624,40,..((((((((.((((((.)))).)))).))))(.).))..,..(((.)).).(((.))(((((((((.))))).)))))..,3
625,40,((.))((((((((((.)))))))(...(.)))))(.(.)),((.(((((.)((.)))))(.)(((...))))(((.))))),5
626,40,.((((.(((((.))((.))).)(.))))))((((.)))).,.(((.((((((((((((.)))))(.)))))))(.))))).,4
627,40,((((((.(.))(((.))(.))))))(((((.)))))(.)),(((.))(((.)((((.((((.)))).))))(.(.))))).,5
628,40,.(.)((((.(((((((.)))))))).)(.)(((.))))).,.((((.)))(.))(((((((.)))((.((.)).)))))).,5
629,40,((.))((((.)))(.(((((.))))((.(((.)))))))),((((((((((((.)).))(.((.)((.)))))))))))).,4
630,40,....(.)((.))(((.(.)))(((((..))))))((.)).,....((((((.))))).(.((.))(.))(((.))(.))).,6
631,40,((..).(.))((((((...)(((.)(((.)))).)))))),(((((.)(((.(..))))))((((.(.))))((.).)))),5
632,40,((.))(((.)(((((.)(.(.)))))).((((.)).)))),.((((.((((((.(((((..)))))((.)))))))))))),3
633,40,(((((.))...))(((((((((...))((.)))))))))),.(((((((...)((((.)))))...)))))((.))((.)),4
634,40,(.)(((((((((((.)(.))((.))))(.)(.)))))))),(((((.((.(((.))))))))((.(.)))((((.)))))),4
635,40,((.((((((.)))))))(((((((((.)))))))(.)))),(((.((((.)((((((..)))((.)))))))))))((.)),4
636,40,(.(((..((.))))))(.((..(((.)))(((.)).)))),((((((((((((((((.)))))))(((.)))))))))))),3
637,40,(.)((.((.(((((((((((.))))).))(.))))))))),((((((((.(((.))))))))((.)(.)(.))((.))))),4
638,40,(((((.))((((.))))).))(.((((((.)...)))))),(((((((.)))))))((.)((((.)))((((...)))))),4
639,40,.((((.))).(((((((((((.))(.)))...)))))))),((((.)(((.)(((((((.)).)))).))...))(.).)),4
640,40,(((.(((((.)((.)(.(.)))))))(.))((.)))...),(((((((.)))))))((((((.))))((((.)))))...),4
641,40,.(((((.)))))((.(((((((.)))))(((.))))).)),(.(((.)((((((((((.))(.))))))))))))((.)).,4
642,40,(((...(.))(.)(((((.))))(((.))...)).(.))),(((....)((.)(.))(.)))(((((.((...))))))).,6
643,40,(.(((.((((.))))(((.))))......(.))))((.)),(((((.))(.)(((.))))((((.....)((.)).))))),5
644,40,...(((((.((((((.))((.))))))))(..)))..)..,..(.(((.)))(((((..)((((.)(.)))))))).)...,4
645,40,.(((.......(.))((.)))((((((((.))))))))).,.(((.......((.((((((.(.)))(.))))))))))..,3
646,40,((((((.((((((.).)((((.)))))(.)))))))))).,(.((((((((.)))(.)(((.)))))))))((((.))).),4
647,40,(((((((((.)))))))((((((.)(..)).)))))(.)),(.)(((.))((((((((((.))((.)..)))))).))).),5
648,40,.(.(.((((.)((.))((((((.)))))))))..))(.).,.(((.(((((.((((((((.)))))))))))))..)).).,2
649,40,((((((.)))))(((.)))((((((.)).))((.)).))),((((.)(.))(((.)((((.).))))).(.)))(((.))),5
650,40,(((.((.)((((.))(((...)).(.)).))).)).)(.),((((..)((((((((.))).(.(.))))))))(.)(.))),6
651,40,(((.))((((.)(.((.)))))((.(((.))(..)))))),((((((.)(((((.(((.))))(.)(.))))))))))(.),6
652,40,((((((((((((.))))).)((.).))(((.)))))))).,(((.)).)(((.)((.))((((.(((.))).)))))(.)),4
653,40,..(.)(((.(.))(((.((.)))))(.)))(((.)))...,..((((.(((((((.((.)))(.))))))).)))(.))..,4
654,40,.((((.))))((((.)))(((.).)(((.))).....)).,.((((((((.))))))((((((.)).)))))(.....)).,4
655,40,(((.(((((((.(.))(((.))).)))))(((.))))))),((.))((.)(((((.(((((((((.))))))))))))))),4
656,40,.....((((((.).)))))((((((.))..)).)).....,.....(((((((.))((((((.))))))))))).......,3
657,40,...((((((((.)).)))((((((.)))))))))......,...((((((.(((.))))))))).(((((.))))).....,3
658,40,((..(...).).)(((.)))(.(((((((.))).).)))),((.(....).(((.))(..)(((.)))(.)))(((.)))),4
659,40,((((((((((.)((.)).))))))))((((.)(.))).)),((.((((((((.)((((((.)))))))))))(.).)))).,4
660,40,((.))(.(.(.)(.).)((((.))))((((((.))))))),((((((((.)))))(.))(.(((((((.)))).)).)))),4
661,40,((((.(((((.(.)))))))(.))(.)).((.....))).,((.((((((.))))((((((((.)))))))).....)))),3
662,40,.(((((((((((.))))).)..(.).)))(((.)))))..,.(((((.)))).(.(((((((((((.))))))))))))).,3
663,40,((((((((..)))((.))))(.)(((.)))(((.)))))),(((((.(...)))).))(.)((((((.((.))))))))..,4
664,40,((.))((.((((((((.))))))).(((.)(..)))).)),(((.).).(.)((.((((((.)))))(.))))((.)).).,5
665,40,((((.)))(((.))(((((((((.)))))))))))((.)),(((((((((((((((((.)).))))))))))(.)))).)),3
666,40,..((((..((.))).(.))((..)((((.)).)))))...,(.(.)((((((((.).)(.))))))(.((((.)))))).),5
667,40,.....(((((((((((((.))))))).)))))(.))....,.....((((((((.))))))(((.).)))(.))(.)....,3
668,40,.(.)((...((.))((((.))))(.((.))((.))).)).,.(((((...))((((((.)))((.).)))(.))))(.)).,6
669,40,.(((.((((((.).))))(.)).))(((.).....).)).,.(.(.(((.)))((((.)).))..))((((.....)))).,4
670,40,(((..(.))(((((..(...))))((.).))..)))(..),(((((((((.)))((((....)).)))).))((.).).)),4
671,40,((((((((....))))((((.))))((((.).)).))))),((((.))(...))(((.))((.((((.))))))))((.)),4
672,40,((((((.)(.)).))((((((.)((.)))(.)))))).).,(.)((((((((.))))))((((.(.)((.))))))(.))),6
673,40,(((.((((...(.))).)).(((.))))))(((.))..).,(((.((((...)))))(((((.).))((((.))))).))),4
674,40,(((((((.))))..)(.)((((.).(.))))((..))).),.((((((((.)((((.).)))))).))(.)(.))((.))),6
675,40,(.((((((((.))))))).((((.)(((.)))))(.)))),(((.)))((((((.(.).))((.)))(((((.)))))))),5
676,40,(((((((((.))((.(.)))(.))))))))(.(..(.))),(((((.)).)))(((((((..))).))(((((.))))))),4
677,40,.(..)((.))((.))((((((.).(.))(..))(.)))).,.((.)).((((..))))(((.))(((.))(((.)).))).,6
678,40,((((((((((.))))))))))((((.(.)))(((.))))),((((.))((.)(((((.)))(((.))))((.)(.)))))),4
679,40,.(.)(((((((((.))))(.))((((((..)))))))))),((((((((((.)))))))))((.)((.)))((((.))))),5
680,40,((((.(.((((.)))).))((((.(((.)))).))).))),(.)((((((((((.))))))))))((((((.)(.)))))),3
681,40,(((((.(((.))))(.))((......((((.))))))))),((.).((.)))(...(((.)).....)((.)))(((.))),4
682,40,.(((.)))(((((((.)(((((.))((.))))))))))).,.(((((((.)))(.))))(.))((.((((.)))(.)))).,5
683,40,((((.)(.)(((.))).((.))((.)((.((.)))))))),((.)((((((.)(((((.).)))((.))))))).)(.)).,6
684,40,((((((.).))))).(((.(.(.)(((.))))))((.))),((((.).((.(.((.))))))((..)))(((((.)))))),5
685,40,.((.)(((.)((((.))).)))).(((.)((.))))(.).,.(((.)(((((((((.))))))(((.)))))))).(..).,5
686,40,((.)((((((((((((..))))))((((.))))))))))),.((((.))))((((((.)))((((.))((.(.)))))))),4
687,40,.(((.(((((.))))(((..))(.)))((((.)))).))),..(((((((.)(((.)))))(..)))(((.))((.))))),5
688,40,(((((((.)(((.).)))))...))((((.))((.))))),(.(.))((((((((((((((...(.))))))))))))))),3
689,40,.(((.))).((.(((((((..)((...))(.))))))))),(((((((.)))))((..).))((....))((((.).)))),5
690,40,....(((.)))(.(.))(((((.)(.).)))(...))...,...(((((.)(.(((((.))))).((.)))))...))...,4
691,40,((((((.)(((((((.)(.)))))))(.))((.))))).),(.)(((((((((.))))))(((((.)))))))(((.)))),5
692,40,((((.)(((((((((..(.))))))))))))(.)((.))),(.(.))(.((.)(.))((((.))(((..))(.)))))(.),5
693,40,.((((.))))(.).(((((.(.))).)((((.))))))..,.((((.(((((((((.))))))))((((.).)))))))).,3
694,40,(((((((.))))((((............))((.))))))),.((((.)))(.(.((((...........)((.)))))))),4
695,40,(.)(((((((((((.)))))))))(((((.(.)))))))),((.))((((.)))((.(((((.))))(((.)))))))(.),4
696,40,(((.)(.(..))((((.))))))(((...))..(.)(.)),((((.).(((((.((.)).))))))(....))(..))(.),6
697,40,(((((.(((((((((.)))))).(((.))).)))))))).,((((((((.)))((.))))))((((((((.).)))))))),3
698,40,.((((((.)(((.(.)))))))(((((.)))((.)))))),.(((((.))).))(((((.(.)))((((((.))))))))),4
699,40,(((((((((.))))(.)(..)(....))).)..))(..).,((((.(((.(.)(.)))))))(....(((((.)))).))),4
700,45,(((.)))((((((((.))))))))((((.)((.)))(((.))))),((.(((.)))(((((((((.)))))(.)))))(((((.))))))),5
701,45,(..(((((((.....)))((..)))(((.)(...))))))(..)),(((.))((((.....((.).))))((.)))(....))(((..))),6
702,45,((((.)))(((.)(..))((.(((((((.)((.)))))))))))),(((((.)(.)))(.).(.))(.)((((((.)(((.))))))))).,6
703,45,((((((.(((((((((((.).).)))))))))))(((.))))))),(.)(((((.)((.)((.)))((((..))))((.)(..)).)).)),3
704,45,((.)(.)(((.)((.)))(((((((((.))))))(.))))(.))),.(((((((((((((((((.))((.)))))))).))(.)))))))),4
705,45,(((((((((.))))(((((.)))))))))(.))(.)((((.)))),(((((.)(.))(((.)((((.)))))(((((((.))))))))))),6
706,45,..((((.))((((.)))(((((((.)((((.))))))))))))).,.(.)(((((((..((.)))(.))))))((((.)))))(.(.).).,5
707,45,..(.)((((((.)(..)).)))((((.(.)((.)))))(.)))..,..((((((((..)))((((.))(.))(.).))))(((.)))))..,6
708,45,(.)((((((.).(((((.).((.))(.(((.)))))))))).))),((((.)(((((((((((..)))))))(.))))))))((((.)))),5
709,45,..((((((((.)))(((.))((((.((.))))).)))...)))).,.(.(.(.).)((.))((((.)(.(((.(.))(.))))...)))).,4
710,45,((((((((.))((.))((((((((((.)))))))).))))))).),.((((.))))((.((.)((.))).))(((((((((.))))))))),4
711,45,(((........)))((((((.)))))(.(.))(.))(.(.)(.)),((((.......)..(((((.(((.((((.))))))))))).)))),3
712,45,.(((((((.)(((((((((.).)))(.))(.))))))))(.)))),(((.((.).))(((.((.)).(((.)))))(.)))..)(((.))),6
713,45,.((((.)((((((.))))(.))(((.((.(.)...))))))))).,.(((((.))(((.))))))((.((((.)((((...))))))))).,5
714,45,((((...))((((((((((((((.))))(..))))))))).)))),(.)(...(((((((.))))))))(((((((.)))(((.))))))),4
715,45,.(((((((.).)(((.)))(((.)))(((((.).)))))).))).,.((((.(((((((.)))))(((((.))).)))).)))).((.)).,4
716,45,..((.).).(((.))((.)(..)(((((.)))(..(.))))))..,..(((..((.)(..)))).(((((.((.)))(.))))))(.)...,6
717,45,.(...)(((.))).(((((((.)))(((.)((((.)))))))))),((...(((((.(.))(((.)))(((.)..(.))))))((.))))),6
718,45,(((((((((((.)((((.))((.(((.)))))))))))))).))),(((((((.)))))))(((.(.)(((((((.)))((.))))))))),4
719,45,.((((((((((((.)))).))((((((.))(.))).)))))))).,.(((.)))(((((((.((((.)((((.)))))))))))))...).,4
720,45,(((((.))((.(.))))))(.(.))((((((((.))))))(.))),((((((.))((.)(((.)((.))))))))((.)((.)((.))))),6
721,45,((((((((((.)))))((((.).))((.))))((((.)))))))),((((.))(((((.))))).))(..(((..))((((..)))..))),5
722,45,((((((((((((((((.....((.)))).)).)).)))))))))),((.(.).)(.(.)(.)....))(((((((((.)))))(.))))).,2
723,45,(((((.).))(((.(((..))..))((.)))).....)).((.)),(.)(.)((.((.))(.((.).))(((.(.).).....)).))(.),5
724,45,((((((.).))))(..((((((((((.).)))))))((.)))))),(.)((.))(((.)(((((((.)))))((((.))).)))((.)))),4
725,45,(((.).)((..)((((((.((.)(.))(.).))).))))((.))),(((((((.)))))(((.))))((((((.)((.)))))))).(..),6
726,45,(((((.)))((((.)(.)...).))))((.)((....).....)),(((.((..).))(.((((...)))))((.))))(...(.....)),5
727,45,.((((((((.)..)(((((((.)))))((.(.)).))))))))).,..((((.((((..)(((((..)).(((.))))(.)))))))))).,4
728,45,((.(.))((((((((((.))))))))(((((.)((.))))))))),(((((.))(((((((((((.)((.))).))))))))))))((.)),5
729,45,(...)((((((((...).(((.).(((.).)))))(.)))))).),(....(((((..)...).)))(((((..)(((.(.))))))))).,4
730,45,(((((((.)((.))((((.)))))).(((.)))))(.)((.)))),..((((.(((.)(.)((.(.(.))((((.)))))))))(.).))),6
731,45,(((((((.))))((((.)).)))))(((((..)((.))))))(.),(((((.))))((((((((((.((((.)))))))).))))))(.)),4
732,45,(((((.....(((((((.)(.))).)))(.)))))))(.((.))),(((((.....((.)))))))((((.((.(((((.))))))))))),3
733,45,...(((((..)(((.)))((..))))(((((.))))).)).....,..(.(.((((((.))))(((.((.))))))))(((.)))).....,4
734,45,((((((.))))(((((..(((((..).((...))))))))))))),.(((.)))(((((((((.))))))).)((...(.)))(((.)))),4
735,45,((((.))(((.).)(..(.).))((((((((.))))))))...)),((.))(..)((((.)))((((.(.((((.(.)))))))))...)),5
736,45,(((((.((.)))))))((.)((((((.)(.)((.(.))))))))),(.)((.)(((((.))(...)(.))((((((((.))))).)))))),6
737,45,.(((((((((((.)))))))((.(.)))))(((.((.)))))).),(.)(((((.)(.)))(((.))((((((.)).)).))))(.))(.),4
738,45,.((.)((.)))(...((((((.))(.))((((.))(.))))))).,.(((((((((((...)))((..))))(((((.)))))))))).).,4
739,45,(((.(.)))((.((((((((.)).....((..))))))))..))),.(((((((((.)))).))))(((.....))))((.))((.)(.)),4
740,45,(((((((((((((.))))))))))((.((((((.))))))))))),.(((.)).(((((.((.)((.))))))((.))(.(((.))))))),3
741,45,(.)(..)(((((.(.(.))).)(.((((((.)(.).))))))))),((((.)(((((.)((((.)(((..))))))))))((.(.)))))),6
742,45,((.)).(((((((..))).)((((((.).))))(((.))).)))),((((((.))(.)((.(((((((.)(.).))))))))))))((.)),5
743,45,..(((.(((.)((.((((((.)))((((.))))))))))))))..,..((.(.)((.)))((.(((((.)))))))((.)))(((.)))..,4
744,45,(((.))((((((..))..).)))((.)))(((.)(.))...(.)),(.((((.)))((.))(((((.)).)(((((.))))).)...))).,5
745,45,((((((((.(.))((.(((((....))))))(.))(.)))))))),(((.((((..)))))))((((...(((.).)))))((((.))))),4
746,45,.((.))..(((((((.))))))(.(((.))).))(((.(.)))).,.(((.).)(((.))).)((((((...((.))..((.)))))))).,4
747,45,((((.))))((((((.((((.)).(((.))))))))))((.))).,((((.(((.)))((.)).)(.(((((.((..).)))))).)))).,4
748,45,((.)(((((((((((((.))))))))))))(.)(.(((.)))))),(.)((.))((((((((((((((.)))).))))))).))((.)).),5
749,45,(.(.))(.((((.))((((.)((.).)))((.))(.))(.)))).,(((((.))))(.)((.)((((((((((.).)))))))))))(..),6
750,45,(((((((((((((.))).))))))).(.))(.).))((((.)))),((.(((((((.((((.))).).)(((.))))).((.))))))).),4
751,45,((.(.)))((((((((((.))))((((.)))))))(....).))),(((.))(((((.(((.)))))((((.))(.))(.))(...))))),5
752,45,(((((.))((((.(((((((.(.).))))))))))((.))))).),(..)(((((.).)(((.((.)((.((.))))))(.)).)))(.)),4
753,45,((((.))))((((.((((((.(((.)......)))))))))).)),.((((.(((((((.))((((.))))).......)))))).))(.),3
754,45,(((((.)).)(.(.(..)((((((.))))))))))((((.))).),((((.)).(((.(.)((.(.)(.))((.))))))((((.)))))),5
755,45,(((((.))(.)(((((..((.))))))(((((.)))))).)).).,((((.))).)((.((((((.(.)))..))(.((.)))))(..))),5
756,45,.(((.)))((((.))((((((.))).)((((((.)))))))))).,.((.)((((((((((((.)))).)))))).)))(((((.))))).,4
757,45,.(((((((.))))((((.((((.))))))))))(((((.)))))),((((((((.(((((((.)))(.)).))))).))))(((..))))),4
758,45,((((.)))((((.))))).(((((((((((.)))(.))))))))),(.(((((.))((..((.((((.)))(((.)))(.)))))))))).,5
759,45,((((.))(.)))(((((.)))).(((.)((..))))).((...)),((((..((((((.))))))))))((.(.)))((((.))((.)))),5
760,45,((.(((((.)))(.))))(((..(((..)((((.)))))))))).,.(((((.).((.)))))((((((.)))..))))((.(((.))))),5
761,45,(((((.(.).(.)((((((.)))))))((((((.)))))))).)),((((.))))(.(((.(.(((((.).)(.(.))))))).(..)))),5
762,45,.((..(((.)))))(.((...)))((.(((((.)))).))).(.),(((((.(((.)((((.))...)))))((((.).))((.))))))),5
763,45,.(.(((.)(((.).))))).((((..))(..(.)))((...))).,.((((.(((((((((((.(((.)))))))).)))))))...))).,2
764,45,((((((((.)))).).))(((.(...((((.))))))))).....,((((((((((((.)((.)))))....))))))(..)))((...)),3
765,45,.(((.......(((((.))))))(.)))(((((((...))))))),((((..(.)..)))((.(..(((((.)(((.))))...))))))),4
766,45,.((((.))))((((((.))(.)(((.))))(.(((.))).)))).,.(((((..)).))((((((.))))))((((.))(.)..(.)))).,6
767,45,(((.).)(((.)((.(.)))(((((.)))))))((..)))((.)),(((((((.((.(.))))))((((.)..))).))))(((.)))(.),5
768,45,((.)(((((((.))(((.((((.)))))))((((.)))))))))),((.((((((((((((.))))((((..))))))))))))))((.)),4
769,45,((((((.((((.)).((..))))))))))((((..)(.)))...),.((((((((((((.))))))(((.)((..)))))).))))(...),5
770,45,.(...(((..((.))))(((.)))(((((.))))(((.).))))),((((((.(((.)(.)).)))(((((.))))))))(.))(((.))),5
771,45,(((((((.)((.)((((.))(..)(.))))......))))))(.),(.).((((.((((((((((.)((.).))))).....))))))))),4
772,45,(((((.)))))(((((...)).)((.)))((((...(.)).)))),((((.)))(.)).(((....)((((((.(.)(.)).))..))))),5
773,45,(...)((((...)))(((((((.(((((...))))))))))).)),(...((((....))))((((.(((.)((....))))).)(.)))),4
774,45,(((.)))((.)(((((((((((((.))))(.))))))))(.)))),(((..)(((.(((((((.(((.(.)))).)))).)))(.)))))),4
775,45,.(.((((.(.((((.((((...))))))))))))((.)))(.)).,.((..))(.(.)(.)(((....))(..)(.)(.))(((.)).)).,4
776,45,(.((.)))((((.).((((...(((((.))))))))(..)).))),((((((..))))(..((((...)(.))(.)((.)(.))))..))),5
777,45,(((.)(((.))((.))(((.))).((((((((.))))))))))).,(.(((.))(((..(.)((.)))((((((.))).)))))))(..).,6
778,45,((((((((((((.)))))((((...)))(..)))))))))((.)),.(((.(.(((((((((((.)(....)))))))))))))..))(.),4
779,45,..((((.))((((.)))((((.)))))(((((((.))))))))).,.((((.((.).))(((((.).(.))(((.)))))))((..)))).,5
780,45,..((.(.))((((...........(((.)).))).)((.))))..,..(.(((((((((...........))))))))(((.).))))...,3
781,45,(((((((.))(...(((.(.))))(((.)).).))))).)((.)),((((.((((((...)))).(((((.))))))))(((...)))))),4
782,45,(.)(((...)((((.((.))..(((.).))))((.).(.)))))),(((((((((((((..((..)).)))))))(..)((.)))).)))),4
783,45,.((((((((((..((.)))(.))((((((.)).)))))))))))),((.(...))((.(.)))(.)((((..))((((.((.))))))))),4
784,45,.(((.(((((.)(((.(((.))))((((.).)))))).)))))).,.((.(((.)..))(((((.)(((.))))))(.)))(((.))))..,4
785,45,(.)(((.(((.)(.....))))))((((((.)((.)))))(.))),((((.))))((((......(((((.))))(.((.)(.)))))))),5
786,45,..((((((((((((.)))))))).))))(.(.((...).).))..,..((.(.))(((((((((((.)))))))))).(.....)..))..,3
787,45,.((((((((.))))))))(((.))(((.)))(.))((((.)))).,.(.)(.)((((((((((((.)))))).))(((((.))))))))).,5
788,45,..(((((.(.((.))((.))(.)....)))((.))))((.)))..,..(((.)).)((((((..)((((...).))).)(.))(.))))..,6
789,45,....((((((.(((((.)))))..(..).))))(.)))(.)....,....((((.)(((.(((((.)).((.)).))(.))))))))....,5
790,45,..(((((((((.)(((.)))))))).((.))((.))))((.))).,.(((((.((.)(((((((((.))))(.).)))))(.)))).))).,5
791,45,(((((.).))).)(((((((((.))))((((((.))))))))))),((((.(.((.))((((((.(.((((.).)))))))))).))))).,3
792,45,.(((.)(.((((.)))((.))(.(((.)))(.))))))(.(.)).,.((((((((((((.).))))(.))))).((((.(.).))))))).,4
793,45,(((.))(((..).(.)(.)))((.((...))))(((..))))(.),(.)(((.)))(((.((.))))(((((...((.))))(.))))..),6
794,45,(.((((.))((.))).(.)(.))((((.(((((.)).)))))))),.((((((.)(((.(.((((.)))((.)))))))))(((.)))))),5
795,45,.((((((((((.)(.))).(((.((((.))).)))))))))..)),((((.)))(.)((((((((.(((.)))).)((.))(.)))))))),4
796,45,(((((.)))...)(((.))(.))(.((((.)((.))))).))(.),((((.)(((...)((((((.)((.))))))))))((.)(.)))).,7
797,45,.((((.)))((.)(((.(((.(((.)))((...)))).)))))).,..(((((((.)))((.))).))(.((((((.....)))).)))).,4
798,45,(.)((((.))((......)))(.)(((((((((.)))))))))).,((((((((((((.....(((((((.)))))))))))))))).))),2
799,45,.((((((((.(.)((((((.))).)(.)))(.)))))).).))..,.(((((((.)(((.))(((((.))))))(.)(.)(.)))).))).,5
800,50,.((((((((.)(((.((((.)))(.))).)).(((...)))).).))))),((((((((((((((((.)))))))(.)))((..)....(.))))))))).,5
801,50,.((.((((((((((.))))(((((.))))))))))).))((.....))..,..(.(((((((((.)))))).(((((.))))(((.))).)).....))).,4
802,50,.((((((((.))).)).)(((((((((..)))))).((((.))))))))),((.))(((((((((((((((.))))).).)((.)))(((.)))))))))),4
803,50,.(((((((.)))))((...((.)(.))...((.))((((.).))))))).,.((.))(((((.))((...(((.)))....)(((((.))(.)))))))).,6
804,50,((((.))))((((.((((.)))))).(...((((((..)))))))(.))),((((((.)))(((.(((.)))))))(....)(((.)))((..))(.).)),5
805,50,((((.))..(((((((((.)))))...)))(.))))((...((.))..)),((((((((((.)((.)))))).((...)))))(.)(.)..((.))...)),5
806,50,(((.)))..((.....(((.))((((((((((((.))))))))))))))),(.(((((.))).....(((((.)))((((.))).)))))(.))(((.))),3
807,50,((((.)(.))).)(((.))((((((((((.)((((.)))))))))))))),((((.(((((.))((.))((.))))))(((((.(..)))))))))((.)),6
808,50,.((.))((((((((.)).)((((.(.)))))))))((.)))(.)((.)).,.((((((((.)))))(((.)))))(((.(.))((((.)))))((.)))).,6
809,50,((.)((.)(((((..)))(((((.)((.))(((((.))))).)))))))),.((((.)(.((.))((((.))((((.))).)))))))((((((.)))))),6
810,50,((((((((.))(..))))))((((.(.))(((.)))))..)(((..)))),(((.)))((((((((((.))))))).(.(((.))(.)))(.))((.)))),6
811,50,.((.(.))(.((((((.((((((.)))))))(.))(.)))))))((.)).,.((.))(((.(((((.((((((.)).)))))))))((.).((.)))))).,5
812,50,(.(((((((.))))).)).....)(((.(((.).)...)))(((.).))),(((((((.))(((.)))(.....)))((.).))((...))))(((.))).,4
813,50,(((.))(.(((((.((.)))(((((.))).)(.))))))))((((.)))),((((((.))(.((.))(((((.)))(.))((.).))))(.))).)((.)),6
814,50,(.)((((((.)(.))))(((.)))))((.)((((.))))(.)(((.)))),(((((.)))(((((.)))))(((.))((((((((((.))))))))))))),5
815,50,.((((((((((.((.))).)))))))))((((((((.))))))(.))..),(((((((.)((((((((((.)))))(((.)))))))))).).))((.))),4
816,50,((((.)...)))(((((((..(((.)).).))))).(.)))((((.)))),((((((...(((((.))(((((.)))..).))))).((((.))))))))),4
817,50,.((((((.((((.)))))(((.)(((((.))))))))(((.)))))))..,.(.(((((.))))).)((.))(((.)((((((.)))))))(((.)).)).,5
818,50,.(((((.))(.((((.)((((((.)))))(.)))...(.)(.))))))).,.((..)(((((.((((((((.))))))))).))(...)))).(((.))).,5
819,50,(((((((.((.((((((.))).)))(...)(((.)).(.))))))))))),.(.(((((((.)((.(.)))))))((...((((((.)))(.))))))))),5
820,50,.(((((((((((((..(.)...)))))))(((.)))))))))(((.))).,.((((((((((.))..(((...((((((.)))))))))))))))))(.).,4
821,50,.(((.))(((((.))((((.)(.).(((.).)))((.(.)))))))))..,.(((.(.((.(((.(.)))((((..)).(..)).))(((.))))))))).,5
822,50,.....(((...((.))(.....).((..))))(...)(.......))...,...(((((...(((.)(....).)).)(.)))(....).......))...,5
823,50,((((((.).).((((((.((.))))))((.)))))))(.(((.)))).).,((.(.((((((((.))))))(((.)))))))(.)(((((.))(..))))),5
824,50,.((((.).((((.)).(((.))(.))(((((((((.)))))))))))))),(((((((.).))))(.)(((.))..(((((((.)))).).((.))))))),6
825,50,((((((.((((((((.))))))))(((((.(.)))))).)))))((.))),.(.((((.)))((((((.))))).)((((.))))))((.)((((.))))),4
826,50,(((((((((((.))).((.))(.)).))).....))(.)(.)).)((.)),(((((((.))))((((((..))((.(((......)))))))).)(.)))),5
827,50,(((((.....((.)))(.)))))((((((.))((((((.)))))))).)),(((.......))(.((((((.)).)))(.)(.(.)((((.)))).))).),5
828,50,......((.((((.((.))))))))(((.)((((.))))(.)))......,......((.(((((((((.)).))(((.).(.).)))).)))))......,4
829,50,..((((((((((((.)))).((.)))((.))(.)).)).....)).))..,..(((((.)))))((((.(.)((((.)))))).)((((.....)))))..,5
830,50,.((((.))(((((.)))))))((..).((.(((.))))((...))))...,.((.)(((((((((.)(.((.)(.)(.))(((.)))))))...)))))).,6
831,50,.(((((.((((((((.)))(.))))))))(..))))((((.))))(..).,..(((((.)))((((((((((.(((.)).))))))))).)))(.)(.)).,5
832,50,.(.((((((.))((.)((.(.)))(.)(....))))((.))((.))))).,..(.)((.)(.)((((((((((((.)))...).)(((.))))))))))).,6
833,50,.((.(((((.)(((((.))))))(...))((..)(..))(.)))(.))).,.(((((.)(.(.(.).))))(.)(...(.)))).(((..)(((.))))).,7
834,50,.....(((((..))((((..))(.))(((.)((...))))))))......,.....((.(.)))(((.).)).((.)(((...(....(.)))))).....,5
835,50,(((((............(.).((((((((.))))))(.))).)).).).),(((((...........))))((((((.)))))))((((((.)))(.)))),4
836,50,(((.((.(.)))))(((.)(((((((...))))(...(.))))...)))),(((((.))((((((((.)))))(..)...)))))...).((((...)))),5
837,50,(((((((.((((((((.))))((((.))))))))).)))...))((.))),((.)(((((.))))(((((.)))))))((((..)(((.)...(.)))))),4
838,50,..((((((((.((((..))))))))))))((((((((((.)))))))))),(((((((.(((((.))))))(((.)))))(.)(.((.))))))((.)).),3
839,50,(((((((((((.))))))((.)))))))((((.)))((((((.))))))),(.)((((.)(.))))((((((.))))(((((((((.(.)))))))))))),5
840,50,((((((((.)(.)).(.)(.)))).).)((...)))((((((..)))))),((.((((((.)(((.))))((.))))))))...((((((((.)))))))),4
841,50,((((((((((((((.))))))))))(.)))((((.)).)(.))))((.)),(.(((((.)((((((.)))(((.)((((.)))))))))(((.)))))))),6
842,50,..(((((((.(..((.)((((.))))..).)))))))).((((.))))..,..((((((((.))((((((((((.)))))))).)))).))).((.)))..,4
843,50,(.((((.))))(.))((((.))))(((..)(((.)))))(((((.))))),((.)((((((.)))))((((((((..))))))))(((((.))))))(.)),6
844,50,.((.)).(((..)))((((((.((((((.))).....))(.)))))))).,.(((((((((((((((..)))).).)))((((.....))))))).)))).,3
845,50,.((.((((((((.))(.).((.)))((((.)((.)).)...))))))))),(((((((((.)))))((.)))).))(((((.))((.)(...)).)))(.),6
846,50,.(((((((((.)((((.))((.(.))))(.)).))))((.)))))...).,.((.).)(((((((((((.)))))))((((((.))).)))((.)))))).,5
847,50,(((.))(((.)(.))(.((((.)(..(.)))(((.)).)))(.)))(.)),(.)((.)(((((((.(.)))))((.))))(((.).))).((((.))).)),7
848,50,.((((..))).)((((...)((...(((((...))))(.)))))(.)).),((.(.(((.))))((((.)(.(....).((...(..)).)))).))(.)),6
849,50,(((.(((((((((.))((...)))))))(((((((.)))).)))))))).,(((((((((.)))))))(...(((((((.)))))))))(((.(.)).))),4
850,50,(((.(((((((((((.)((.))((.)...)))))).(.)))).)).))).,((((.(((.))(((.)(..)))))((...))(((.)))(((.).).)))),5
851,50,(((.(((((((((((.))))))).))))(.)))(((((((.)))))))).,((((.((((.)))))((((.))((((((.))))).)))((((.))))))),4
852,50,.((.)((((((.)))))))..(.(((.)))(((.)).)).((((.)))).,.(((((.)(((((.)((.).((((.)))(((.))(.))).))))))))).,5
853,50,((.(((((((.(.)(((.)(((.))).)))))))))((.).......))),((.(.).))(((((.)))((((.(..)(.)))))((.).)........)),5
854,50,(((.(((((((((.)))))((..).)))(((.))))))))((.)((.))),((((.(((.))(((((.)))(((.))((((((.))))(.))))))))))),6
855,50,.((((((((((.))(.)(((((((.))).))).)(((.))))))))))).,.(.((((((((((((((.))).))))))))(.)))))((((.)(.)))).,5
856,50,.(((.))(((((((((((((((.)))((.))))))))))))((.))))).,.((.((.((.)))))(((.)))((.)(((((.)))(.)))(.)))(..).,5
857,50,..(((.((.))((((.)(((.))))))(.)((.)))((.)))((.)))..,..(.(((.))(.))(((.))))((.)(((((.)).((..))))))(.)..,8
858,50,.(.)((..)(((.)((((((((((((((.)))))))))))))).)))(.),((((.)(((((.)))))))(((((((..(((((.(.)))))))))))))),4
859,50,((..(((((((.)....))))((((.).)))))((((.)))(..)).)).,(((.(((((.((.....)))))(.)(((((.(((.))).))))))).))),4
860,50,(((((((.))(...((((.))))((.)))(.).)))))((((.(.))))),((((((((.((...)))))((((((((((((.)))))))))))))))).),3
861,50,((((((((((((((.))))).(((...))))))))))((.))((.))).),(((.)((..)))((((.)..)))(...(.)))(((.(((((.)))))))),5
862,50,(.).(((((.(.((.))))).))(...((.((((..).)))))(...))),((.)((.((.)(.(((((.(.)))...))))))))(((((..))...))),5
863,50,(((.)))((((((.(.))))))(((((((((...(.)))))))))))(.),(((.(.))((.(((.((.(((((.)))))))...))(.))(.))(.)))),5
864,50,(((((((((((.))))((.)))(.((.))))(((..))))))(.)))(.),(((((((((.))))(((..))(((((((((.))).))))).).)))).)),4
865,50,((((...))))((((.)))((.).(.)((.((((..))(...)).))))),((.)...((((((.).)))((((((((((((.)))))))...)))))))),4
866,50,((((((((.).)(.)))))(.)))((.))..(((..((((..))))).)),((.))(((((.))(((.)(((((..)).)))).)((((((.))))))))),5
867,50,(.)(((.(.)(((((..))))((.(..))))(.)(((((.))))).))).,((((.).((((((.(.)((((((.)(.(.)))))))))))(.))).).)),6
868,50,.(((.(.)(((((.)))((((.))))))))((((.).((.).(.)))))),(((.)))(.(((((.(((.))(.((.))))))((((.))((.)))))))),6
869,50,((.((((.......))))..((((((((.(.(..(.)))))))))))).),((.((((........)))).))(((((.)((.))))(((.)((.)))))),3
870,50,.((((.)(.).)((((((.)))(((...))(((.(.)(.)))))))))).,.((.((.))))(.)((.))(.((((...(((.)(..))).)))(.).)).,7
871,50,.(((..)((..))(((((((((((.)))))))))).))(((((.)))))),(((.(.)))((((((((((.(((((.).).)(.)))))))(.)))))))),5
872,50,((((((((((((.)((.))(.))))))))((.).).))))((((.).))),((((((((((..))))))).((.)(.((.)))))((((..))).))(.)),6
873,50,(((((.)))(((.).))))(((((((..............(.)))))))),(((((((.)((.))))((((.))))(..............)))((.)))),4
874,50,.(((.)(.)(((((((.)))))(((((((.)).)))).)((.).))))).,.(((.(((((.)(.))))).)))(.(.)((.))(((.).)(((.))))).,6
875,50,(.(((((.((((.)))))((((..)((.(..)))))).(.))).)))(.),.((((((((.)))))))(((.)(.((((((.))))))(.))).))((.)),6
876,50,(((.)((((.))))))(((((.(.))))(.)(.)))(.(((((.)))))),(((((((.))))((((((.))).))).(((((((((.)))))))).)))),4
877,50,(((.).)(.))((.)((((((((((((((.).))).)))(.))))))))),((((.)((..(.)((.))(.)))(((.))(.((((((.)).))))))))),6
878,50,...((((((((((((((((.))).)))))))(.)))))))(((.)))...,...(.((..)(((((.)))(((.)..))((.)))))((((.)))).)...,4
879,50,((.))((((.(((((.)).)))((.).((.(.)))))((((.))))).)),(((((.))))((((((.))))((((.).(.))).)((((.)))(.))))),6
880,50,((((((.))))(((((((..)))((((((((.))(.))).)))))))))),(.)((((.)((((((.)).)((((((.)))))))))((.))(.)))(.)),5
881,50,((((.))((.((((.))))(.)))))((.)(((((((.))))))))(.).,(((((.(.)))(((((((.))))))))(.((.)).)((((.(.))))))),5
882,50,((.)(((((((.))(((.).(((((.))))).)))))(((....)))))),(((((.))))(..))((((((((((((.)))))((.))))(...)))))),6
883,50,((((((.))))))(((((((.)))))((((.))((..)))))(((.)))),(((((((((((((((.))))))))))(((((.)))))).(((.))))))),4
884,50,(((((((.)))((.(((((((.)).)))))))))(((((.))))))(.)),.((((((((((.))).)((((.(((.))))).).)((.))).)(.))))),5
885,50,(((((((((((((..)((.))(((.))))))))(.).)))))))(.(.)),((((.))))(.((((((((.)))))(((.)(((.)))))))))(((.))),6
886,50,((((...).).))(((((((((.)))))(.))(.(.)))(..))((.))),(((....((((((((((((..)))))))))).)))(((.))((.))))).,4
887,50,((((.))((((((((((.).)))(((.))((.)))))))))))(((.))),((.)(((((.)((.(((((.))))))((.((((.)).))))))))))(.),6
888,50,.(.)((((.)))(((((((((.)))))((((.))).)..)))))((.)).,.(((.((((((((.)))(.)))))).((((((.)))))(((.))))))).,5
889,50,.((.))((((..))).)((.....(((((..)))(.))(((..)))))).,.(.((((((((.))))(((.....(.(((.))))))))(((.))))))).,4
890,50,((((((.)...)(.(((.((.).(..))))(.))).).))(.(.(.)))),(.)(((((...))((..))))((.((((.(.))).)))))(.)(((.))),6
891,50,.(.)(((....(((((((.))))(.))(.).)).))((.(.)))(.))..,.((((((...).))))(((((.))(.((((((.)..)..).)))))))).,4
892,50,.((.(((((((.((((.)((.))))(.))))))((((.)(.))))))))),((.(((.))))((((((((((((.))).))))((((.(.))))))))))),4
893,50,((.(.))(((((((.)))))(((.(((.)..))))))(((((.))))))),(((.)))((((((((.(((((.))))).))))))((.))((((.)))))),5
894,50,.((.(((.(.))(.)(.).))))((..)(.)(.((.((((.)))))))).,.(.(((((((.)(((..))((.)((((((((.))))))))))))))))).,5
895,50,(((..)))((((((((((((..))).)))))))))(((((.)))).)(.),(((((.).)(.)(((.((((.)((.))))))((((.))))))))((.))),5
896,50,((((((.))((((((((((((((.))))))))(..))))))))(.))).),.(((..)))((((((((((((.))))).))(.))(((.)))))))((.)),5
897,50,(((((.(.)(.)))))(((((.))).))(((.))(.).))(((.(.)))),((.)((.))(((.).(.(((.(((((.))))((.(...)).))))))))),6
898,50,(((((((((.........))))(.))(((((.)))((..)(.)))))))),((.).((((.........(.)(((.(.)))).)))))((((((.)))))),5
899,50,(((.(((.)))((((((.(((((.).))((((.)))))))))).).)))),(((.))((.(((((.)))))).))(((.)(((((.)(.)))))))((.)),4
900,55,(.((((((.))(((.(((.(.)))))((..(.).))))))))(.)(..))((.)),(.)((.)((((((.)))((.))(.))(((.)))))(.))(..((.(((.)))))),7
901,55,.(((((((((((.)((.((..)))))((.)((.((.))))))..)))))..))).,.(((((((.))((.))((.(((((..))))).))).))))((.))((((.)))).,5
902,55,..((((((((.)))(.(.))))...((.(.)))((.))(((.))))))((.))..,..(((((((((.)))(((((((...))))(((.))).)))(((.)))))))))..,5
903,55,.((...((..)...)....(((.))(.).))((((((...((.))(.)))))))),((.....((.)...)...(((((.((.(((.))((.(...))).))))).))))),4
904,55,.(((.))(((((.((.(((((((.))))).((((.))))))))))).))((.))),(((((.)(((((..))))((((.))))(((.(.))(..))(.((.)))).))))),5
905,55,(.)(((.)))((.((((((.)).)((.))))(.(((((((.)))(.))))))))),((((((((((.))))(.((.(((((((((((.))))))))))))))(.))))))),4
906,55,.((((((.).)((.))(((.((((.))).(((.))(.))).)))))).)((.)).,.((((((((.))))(.)))((((.((((.)).))((.(((.))))))).))))..,5
907,55,((((((.)(((((((((((((.)))))))((.)))))))))(((.)))))(.))),.(((((((.)((.(.(((((((((((.))(.))(..))))))).))))))))))),5
908,55,(((((.(.((((((((.))))))).)((.)..)))))))(((((.)).....))),(((((((((((((((((.))).(((.).))))((.))).)))))))).....))),4
909,55,(((.).))(((.)))(((((((.(((.)((..))(((.)))))))(.).))))).,(((((.)))(.))((.((((((((((((((.)(.))))))(.)))))))))).)),6
910,55,(((.)))(((((((((.))))))).((((((((((.).))))))))((.)))).),(((((((((.))(.(((((.)(.))((.)))(((.))))).)))).))))((.)),5
911,55,((((.)((.((.))(..).).).)((((.))...(.)((((.))).)))).(.)),(.((((.((.)(((.))))((..(.))))))...))((.(((((.(.)))))))),5
912,55,(.((..(((.).(.))))))(((((((((((.)(.)(.)))).)))(..))))).,(((((.))).((((.)))(((((.))))(((((.))))(((.))))((.)))))),7
913,55,((((((.(((.)))(((((.((.))))))(.)))).((..(.((.).)))))))),((((((.)))(.))(.)((((((.))))).)(.)))(.)((((((.)))))(.)),5
914,55,(((((((((((((((((((.).)))))))).(((((.))))))))).)..))))),((((.)))((((((((.)(((((((((((.))))))).))))))))))))((.)),3
915,55,..((((((((...(.((.)))).)))))((.((...)))(((.)).))))(.)..,..(((.)(((...))(.((((.)).))((...)...))(.))((((.))))))..,5
916,55,.(((.....((((.)))(((((((((..)))))(.))(.))(((.))))))))).,.(((.....).(((((((.).))))).)))((.))(((((.((.))(.)))))).,6
917,55,((((((.))))(.)(.(...(.)(((.(.)))))((.))))(.)(((.))))(.),((((((.((((((((((...))))((.)))))).)((((((.))))))))))))),4
918,55,(((((((.)))))))((((((((((.(.)(((.)))))))(((.)).)))).))),(..((((((((..)))))(((.)(((((.))))))).))((.))((((.)))))),5
919,55,((..)(.))(((.)))(((((.)(.)((.(((((.)))))))))))((((.)))),.((((((((.(.((((((.)))((((((((.)))))(.))))))))).))))))),4
920,55,.((((.)((((((.(.((((.)))))((.((..)(((.)))))))))))))).).,.(((.)))(((.).))(.)(((.(.(((..)))((.)(((.)))))))((.))).,5
921,55,(((..)))(..((((((((.)))).))))(((((.(((...)((.)))))))))),((((((((((.))))))))).((.)((((.))))(.((...(.)(.)).))))..,5
922,55,(((((((((((.).(.)(((((((.(((.)).)))))))))))).))).)...)),(.)(((((.(((((((((((.(.(..)))))(.)))))))))((.)))))...)),4
923,55,((((((((((((.))))((((.)))))(((.).(((.))))))).))(.).).)),.((.(.))(((((.)(((((..))(.)(.)))(.(((.))))((.)).))).))),6
924,55,((.((.)((((((.)((.)))))(.(.))))...(((.)(......))))(.))),((.(((.)..((.)((((((((.))))))))...)))))((.....(((.))))),5
925,55,((((((((.).))))(((((((((.)))))).))((((.))((....)))))))),((.((.)).(((((((((((((..(...))).))(.))))))....))))))(.),5
926,55,(.)(((((.....)((((((((.))))))))))(((((.)).))(.)))((.))),((((.((......))((.))))))((.).)(((((((.))))))((.((.))))),6
927,55,(((((.).)))((((.))).((...((((.((.))(.))).))))))((.(.))),(((((((((.)((((((.)))(....))))).)))))))(((((.))((.))))),6
928,55,..(((((..))(..)))((((((.))...(((.(((.)))(...)))))))))..,..(((((.))(.)))((((.)))).)...(((.((..))((....)))))(.)..,6
929,55,...(((((.(.)).((((((..))))((((((((.(.)))))))))))))))...,...((((.)).(((((.((.))))).))))((.(((((.((.)).)))))))...,4
930,55,...(((((...(((.))((((((.)))).((((..))))).).))))))(.)...,...(.)((...(((((.))(((((((.((.))))))(.(.)).).)))))))...,5
931,55,((((((.)((((.).)((((.)))((((.)))))(.)))))(((....))).))),(((((.)))((((((((((((.))))((((..(.))))))))))...)))))(.),5
932,55,.(((((((((.)(((.)))))((.))))))(((..))))).((.)).(.((.))),((((..))).((((((((.)...)(.((.)))))))((.))))(.(((.).)))),6
933,55,..((((((.).)((..)(((((.))(((..)))(..))))))(...(.)))))..,.(((..(.(((.)(.)))(.)))((((((.))).))).(((((...)))))).).,6
934,55,...(((((((.))((((...)..))))(((.)).))((((.)))).)))(.)...,...(((((((((.))))...))(.))(((((.)((((.))(.))))).))))...,6
935,55,((((((.)(((.)))))))((.)(.))((.((.(.......))))))(((.)).),(((.)(.(((((((((.(.)))))((((((.).).......))).))))).)))),4
936,55,(((((((.)((.))(.)).))))((((.)))))(((.))(((((((.)))))))),(((((.((((((((((((((((.)))))))((.)))))))((.))))).)))))),4
937,55,((((((.))(((((.).))))(((((...(.))((.))))).((.)))))(.))),(((((((.)))((.)))))(..))((....)(((((.)(.))))))((((.)))),7
938,55,((...(((((((((((.(((((((.(.).))))))(.))))))))))))))(.)),((...))(((.)))((((((.)))))).(((((((.))))))(((.(.).))).),4
939,55,.(.)((((((((..)((((.))).).(.)))(((((.)))))))).)(.))(.).,.(((((((((..)).))).)))(((((((((..)).)(((.))))(.))))))).,5
940,55,((((((.))((((.)(((((.((((.)))).))(((.))))((.))))))))))),(((((((.)(.(.))).(((((((.)))))(..))))))..))(((.)((.)))),6
941,55,(((.((((.(.))(((((((.(((((.)))).))((.)).))).)))))).))).,(((((((((((.)).)((((((..)))(.)))(((.)(.))).))))))))(.)),4
942,55,.(((((((((.)))(.))((((.))))((..)))))(((.).)(((.))))))..,.(.)(((((((.(((((.(.).)))(.))(.)))((((((.)))))).)))))).,6
943,55,.(((((((((((((.......))).....)))((.((.)))))(.(.)))))))),(((((((((..(((.......(((.....))).)(.))))).)))))))((.).),4
944,55,(((((.)))((((.(((((((.)))))))))(...((.)).(.))......)))),(((.(((.)).))(.)((((((((.)))))((...)))))))((((.....)))),5
945,55,((((.)(.))(((.((.).))(((((.)))))(((.)(((..))).))))))(.),((.((((((((.)((.(((((((..)))))))))))).))((.))(.)(.))))),6
946,55,.((((((.(((((.)))(.))))))(.)(.((.)))...)))((((.)))(.)).,.(((((((((((((((.)))))))))))))((((((...)(.).))))(.)))).,5
947,55,..(((((.)(...).))..)(((((..((((.(.)).)(.)))))(.)))))...,..(..(((((...(.)))(((((..))))))(((.))(((.))..))))(.))..,6
948,55,.(((((.)))))(.(.(((((((((.))).))))((((.))))(.....))))).,.((((.)((((((((((((.))).))))).))(((.)))))))).....((.)).,4
949,55,(((((((((((.)))(((.(.))))).....))))(.)..)))(((.)))((.)),(.(.))((.).)(.)((((.)))(((......).)).(((.(.)(((.))))))),6
950,55,.((.))((((((.))(.(((((((((((.(((..))))))).))))).))))))),((.)(((((((((((.))((.((.))).)((.)))))(.((.))))))(.))))),4
951,55,.((((.)((((.)))))((((((((.........)).))((((.)))))).)))),((((.))(.))(((.((((.))).).........((((((.))).(.)))))))),5
952,55,(((.))((((.))((((.(.((.))(((((.))))))))))))(((.....)))),(.).(.(((((((.(.))..)(((.(..))(.))(.))((.))))......)))),6
953,55,(((((((.))))).))((((.)))((.)((((.)(.))))(((.(.)(.)))))),(((((((((((.)))))))))))((((((((.))..).)).(.)(((.)))))).,5
954,55,((((((...))))))(((((.)(.))(((((.)).)((((...)(.))))))))),((((.)...).(.((..)))(((((.)))))))((((((((((..)))))))))),5
955,55,.((((((.(.)))....(.))((((((.(.)))))))(.)((.(((.)))))))),((((((.)).)(((...)((.)))))(((((((.)))))))(((.)))))((.)),6
956,55,.((.(((((.)))((.)((.)(((((((.)))).))((.(.)).)...))))))),((((.)))((..))((((((((((((.)(.))(.))(.))...))))))))(.)),6
957,55,.(((((((.((.)).))))))(.))(.)((((((.((.)))).((.)))))(.)),(((((((((.)))((..))((((.)))(((.))((.)))))))).).(((.)))),7
958,55,.(((.)(((..)))((.)).((.)(((((((.)))(.)(.).))))......))),(((((.))((.)((.))))))(.(((((((((((.)))))(.)))).....)))),6
959,55,.((((.)))(.))(((((.)((.(((.))((...)))))).).)(((.)(.)))),(((.)(((((((..))((..)))((.)(.)(...(.))..).)))))).((.)).,8
960,55,.(((((((((.)).)))))(.))(((((((((.)((.)))))))))((.))).).,..(((.).))(.(((((.))))))((((((.))))((.(.((((.))))))))).,5
961,55,..((((((((((.))))))))(((((...)))(((((.))))(.))))))((.)),((((((.((((((((((.))..))((.))))))))))))(((((.))))(.)))),5
962,55,(((((((((.)))))((((.))(((((((((.)))))))))))))((.))(.))),(.(.))(((((((((.(((((((.))))((((.))))))))((.)))))))).)),5
963,55,..((((((((((((.(((((.))))))))))))))).).)((((((.))))))..,..(((((.)((.))((.).)(.).(((((((((((.))).)).))))))))))..,3
964,55,((.))((.))(((.))((((((..))))(((.....)))(.)))..(.)((.))),((.(((((.(((((.(.))).))))((.))(.....((.)))))))(((.))))),5
965,55,.(((((((((.)(((((.(((((.)))))))))((((.))))))).)))))..).,..(((..)).)(((((.)).))((((((((..)(.)((((.))))))))))))..,4
966,55,(((((((((.)))(((((.(((((((.)))))))))))).)).))))(.((.))),((((((((.)(((((((.).))))))).)))(((.)))))((.)))(.((..))),4
967,55,((.((((((((.))))))))(((((.)))))))((((((((.))))))))((.)),((.).)((((((.)).((.))))((((.))))((.)((((.)(((.))))))))),5
968,55,(((((((.((.)))))).)((((.))(((((((.))))))((.).)))).))(.),(((((.)((((.((((((.)))))))))(((((((((.))))).)))).))).)),4
969,55,..((.(((((.))((.))(((((((.))))))))))).((((.))))((.)))..,..((.(.)(((.)))(((..))(..)(.))))((.).)(.(((((.)))).))..,6
970,55,.((.).(.((((((((.)))(.(.)))))((..))))))((((.)(.)))(.)).,..(((..)))(((((((((.)))((.)((((.)((((.))))).).)))))))).,6
971,55,.(((((.))(((((((((.)))))(.))))((((.)((((.))))))).))).).,..(((((((.)).)((.)).)).)((((((.).))))(.))((((.)))))(.).,6
972,55,.(((((.))((((.)))(...(.))))(.)))(((((((.)(((.)))).))))),(((((((.)((.)).)))...))((((((.(.(.)((.((.)))))))))).)).,5
973,55,.(.)(((((((((((.))))))(((.)((.((.)(.)))))((...)))))))).,.(.(((((((((.)(.(((((.))((.)))))))).)))(.))...))(..).).,6
974,55,((((((((.)((.((.)))))((((..))))(.))))((((.))))))((.))).,(.((((.)(((((.))))).)(((.)))))(((((.((.(((.)).))))))))),5
975,55,((.(((((.)...((.))).)))))(.(((.))))((.(.))(.((((.)))))),((.))(((((...((((.(.)(((((.)))))))((((.)))))))))))((.)),6
976,55,.((.((((((((.)))...((((.)))))..))))(((.(..)))).))((.)).,.(((((((((((((((...(((.))))))(.)))))(((.).)).)).)))))).,4
977,55,.(((((((((.))..)))(((((.)))))(((.)))))))((((((.)))).)).,.((.).).((((((((((((.))((((.)))).)))))).).))(.)).((.)).,5
978,55,.((.(((((((.(((.)(.((((.))).((((.)))(.)))))))))))).))).,.((((((((.(..))))))))(.))((((((((((.)((.)))(.))))))))).,5
979,55,.((((((((((.)))))).(.)))))(((((((((.)).))((.)))(.))))).,.((((.((((((.((((((((.))))((.)(.))))(.).).))))).)))))).,5
980,55,((((((((((((.(.)))))))))))(..)).)(.(.(((.)(..)))))((.)),(.((((.)))((.)(.((((((((((((((.)))(.(.))))))))))))))))),5
981,55,.(.)(((.)(....)((((.((((((.))(.))))))))))).........(.).,.((((.))))...(((.(((.)((..(.)((.))).).)))(.........))).,5
982,55,.(((((.))))(((((((.).)((((((((.))).)))).(.))).)))...)).,.(((((((.).))(((.).))((.)(.(((..))))))))((.))).((...)).,5
983,55,.(((((((((.))))))((((((.)(.)((((.)(.).))(.).))))).)))).,..((.).((((.)((((.))))).))(((((.)))(.)(.((.))))))((.)).,7
984,55,(.(((.))(((.)((.((..(((.))))(.)))((.)))((.))).((.)).))),((((.)))(.)(.)((((((..)))(((.((((.))))((((.))))))))))).,7
985,55,((.))(((((.).((.))((.(.))(((.))((((((((.)).)))))))))))),(.((((..)))))((((((((((((.)(((.))))(.))))(((.)))))))))),6
986,55,(((((.))(.).)(.))((.)((.(.))))(((.))((((((((.)))))))))),((..)(.))((((((((((((.)))))))))(((((.(((.)))))))).)))..,5
987,55,.((((.)((((((.))))(((((((.))).(.(.))(.).))((.))))))))).,..(.)((((((.))))))(((((((((((.((((.)))).))).))))).)))..,4
988,55,...(((((((((((.((.)).)(((.))))))))))(.((((.))))))(.))).,.(((((.))(((((.(.)....)(((((((...))))).))))(.)))(.)))).,5
989,55,.(((((((.(((.))))))(.)(.(((((.)))))))(.)))).(((((.))))),(.).(.)((.(((((.).)).)(.))((((((.)))))(((.)))).(.(.)))),6
990,55,.(((((((.(...(((((.)))(((.))(..))).(((.)))))))).))))(.),((((.))))(...)((((..))))((.)(((..)(((((((..)))))..))))),6
991,55,..(.)(((((((((((.).)))).)))))(((...(.))))(((.....))))..,..((.(((((.((((.((.)(((.)))))))(...)).))(.)).....))))..,5
992,55,(.(((((((.))).)))((((((.)))((((.)))))(.))))((.).).)(.).,(.((((((((((((.))((.))))((((((.)))).).))))))))..).(.)).,5
993,55,..(.).((.))(...(.(((((((((.))))(.)(.))))))).)(.((.)))..,..(((((((((....(.(.)))))))))).((((.))((((.(.))))).)))..,4
994,55,.((.))((((.(((((((.)))))).((.))))(..((...))...(..))))).,.(((((((((.))(.)).(.)))))))((((.))..(....)...)(((.)))).,6
995,55,.(.).((.))(((((((((.))))(.((..)((((((.))))))).(.))))))),((((((((.(.))))(((((.(.))((((.).))((.)))..)))))))).(.)),6
996,55,.(((((((((.))((((((((.)))).)).(((.))))))))))))(((.)).).,.(((.)(((.))((((.(.)))).)(.)))).((.(.)))((.((((.)))))).,5
997,55,...((((.)))((.((.((((((.).)(((.((.))))))))).)))))(.)...,...(((((((((((((((((((.))))))))))))))(((.(.)))))))))...,3
998,55,.((((((.((((.))))))(((.(.)).(((..)).))))(((((.)))))))).,.(((((.)).)).((.(.))))(.)((((.).(.))).)((.)(.))((.).)..,5
999,55,(((.))((((((((.))))))(.((((.))).))(...).)(((((.))).)))),(.)(((((((..)))((((.))((((.(.((((.)...)).)))))).)).)))),5
